{
  "[a-z0-9!#$%&'*+/=?^_{|}~-]+(?:.[a-z0-9!#$%&'*+/=?^_{|}~-]+)*@(?:[a-z0-9](?:[a-z0-9-]*[a-z0-9])?\\.)+[a-z0-9](?:[a-z0-9-]*[a-z0-9])?": {
    "average_time": 0.1681417311666943,
    "outlines_time": 0.4765475789999982,
    "times": [
      0.14281425399985892,
      0.15782839999974385,
      0.18815789700056484,
      0.17054468500009534,
      0.16911283299941715,
      0.18039231800048583
    ],
    "states_length": 11,
    "return_time": 0.05457625800045207
  },
  "\\+?\\d{1,4}?[-.\\s]?\\(?\\d{1,3}?\\)?[-.\\s]?\\d{1,4}[-.\\s]?\\d{1,4}[-.\\s]?\\d{1,9}": {
    "average_time": 0.29610017883336087,
    "outlines_time": 0.4731879269993442,
    "times": [
      0.28805538899996463,
      0.2924273950002316,
      0.3111259939996671,
      0.2938023719998455,
      0.2939475439998205,
      0.297242379000636
    ],
    "states_length": 47,
    "return_time": 0.06173086800026795
  },
  "\\+?[1-9][0-9]{7,14}": {
    "average_time": 0.12059884283326028,
    "outlines_time": 0.18233295699974406,
    "times": [
      0.09907199300050706,
      0.09359925799981283,
      0.09513602900005935,
      0.10371204099919851,
      0.18587910099995497,
      0.14619463500002894
    ],
    "states_length": 16,
    "return_time": 0.0465538700000252
  },
  "([1-9]|0[1-9]|1[0-9]|2[0-9]|3[0-1])(\\.|-|/)([1-9]|0[1-9]|1[0-2])(\\.|-|/)([0-9][0-9]|19[0-9][0-9]|20[0-9][0-9])|([0-9][0-9]|19[0-9][0-9]|20[0-9][0-9])(\\.|-|/)([1-9]|0[1-9]|1[0-2])(\\.|-|/)([1-9]|0[1-9]|1[0-9]|2[0-9]|3[0-1])": {
    "average_time": 0.1994198399997913,
    "outlines_time": 0.31506540600003063,
    "times": [
      0.19173948499974358,
      0.18166028699943126,
      0.20649274499919557,
      0.21557295200000226,
      0.22057168900028046,
      0.18048188200009463
    ],
    "states_length": 34,
    "return_time": 0.060417385000619106
  },
  "(0?[1-9]|1[0-2]):[0-5]\\d\\s?(am|pm)?": {
    "average_time": 0.09013087700001658,
    "outlines_time": 0.14139150900064124,
    "times": [
      0.07438735300002008,
      0.10665416400024696,
      0.08667670600061683,
      0.08414728099978674,
      0.0954664609998872,
      0.09345329699954164
    ],
    "states_length": 9,
    "return_time": 0.04340131200024189
  },
  "(?:(?:25[0-5]|2[0-4][0-9]|[01]?[0-9][0-9]?)\\.){3}(?:25[0-5]|2[0-4][0-9]|[01]?[0-9][0-9]?)": {
    "average_time": 0.12888319083352448,
    "outlines_time": 0.23578037199968094,
    "times": [
      0.13218192600015755,
      0.12924008000027243,
      0.12410553900008381,
      0.13182926300032705,
      0.12189157200009504,
      0.13405076500021096
    ],
    "states_length": 23,
    "return_time": 0.05280623900034698
  },
  "(https?:\\/\\/)?([\\da-z\\.-]+)\\.([a-z\\.]{2,6})([\\/\\w \\.-]*)*\\/?": {
    "average_time": 0.18403871216681486,
    "outlines_time": 0.3427813389998846,
    "times": [
      0.1789291270006288,
      0.17640834900066693,
      0.17700776400033646,
      0.1915956319999168,
      0.18285220500001742,
      0.1974391959993227
    ],
    "states_length": 13,
    "return_time": 0.06894110400025966
  },
  "\\d{3}-\\d{2}-\\d{4}": {
    "average_time": 0.08800077133309969,
    "outlines_time": 0.14452761900065525,
    "times": [
      0.07948817699980282,
      0.09600646899980347,
      0.08924339700024575,
      0.08731391999936022,
      0.09243506699931459,
      0.0835175980000713
    ],
    "states_length": 11,
    "return_time": 0.053047375000460306
  },
  "\\{[\\n ]*\"name\"[\\n ]*:[\\n ]*\"(?:[^\"\\\\\\x00-\\x1f\\x7f-\\x9f]|\\\\.){,10}\"[\\n ]*,[\\n ]*\"age\"[\\n ]*:[\\n ]*(0|[1-9][0-9]*)[\\n ]*,[\\n ]*\"armor\"[\\n ]*:[\\n ]*(\"leather\"|\"chainmail\"|\"plate\")[\\n ]*,[\\n ]*\"strength\"[\\n ]*:[\\n ]*(0|[1-9][0-9]*)[\\n ]*\\}": {
    "average_time": 0.7759131828335436,
    "outlines_time": 1.8307769319999352,
    "times": [
      0.8264406380003493,
      0.8383418710000115,
      0.8543204039997363,
      0.7886694900007569,
      0.8326940830002059,
      0.515012611000202
    ],
    "states_length": 124,
    "return_time": 0.10028437300024962
  },
  "\\{[\\n ]*\"id\"[\\n ]*:[\\n ]*(-)?((0|[1-9][0-9]*))(\\.[0-9]+)?([eE][+-][0-9]+)?[\\n ]*,[\\n ]*\"work\"[\\n ]*:[\\n ]*\\{[\\n ]*\"id\"[\\n ]*:[\\n ]*(-)?((0|[1-9][0-9]*))(\\.[0-9]+)?([eE][+-][0-9]+)?[\\n ]*,[\\n ]*\"name\"[\\n ]*:[\\n ]*\"(?:[^\"\\\\\\x00-\\x1f\\x7f-\\x9f]|\\\\.)*\"[\\n ]*,[\\n ]*\"composer\"[\\n ]*:[\\n ]*\\{[\\n ]*\"id\"[\\n ]*:[\\n ]*(-)?((0|[1-9][0-9]*))(\\.[0-9]+)?([eE][+-][0-9]+)?[\\n ]*,[\\n ]*\"name\"[\\n ]*:[\\n ]*\"(?:[^\"\\\\\\x00-\\x1f\\x7f-\\x9f]|\\\\.)*\"[\\n ]*,[\\n ]*\"functions\"[\\n ]*:[\\n ]*\\[(\"(?:[^\"\\\\\\x00-\\x1f\\x7f-\\x9f]|\\\\.)*\")(,(\"(?:[^\"\\\\\\x00-\\x1f\\x7f-\\x9f]|\\\\.)*\"))*\\][\\n ]*\\}[\\n ]*\\}[\\n ]*,[\\n ]*\"recording_artists\"[\\n ]*:[\\n ]*\\[(\\{[\\n ]*\"id\"[\\n ]*:[\\n ]*(-)?((0|[1-9][0-9]*))(\\.[0-9]+)?([eE][+-][0-9]+)?[\\n ]*,[\\n ]*\"name\"[\\n ]*:[\\n ]*\"(?:[^\"\\\\\\x00-\\x1f\\x7f-\\x9f]|\\\\.)*\"[\\n ]*,[\\n ]*\"functions\"[\\n ]*:[\\n ]*\\[(\"(?:[^\"\\\\\\x00-\\x1f\\x7f-\\x9f]|\\\\.)*\")(,(\"(?:[^\"\\\\\\x00-\\x1f\\x7f-\\x9f]|\\\\.)*\"))*\\][\\n ]*\\})(,(\\{[\\n ]*\"id\"[\\n ]*:[\\n ]*(-)?((0|[1-9][0-9]*))(\\.[0-9]+)?([eE][+-][0-9]+)?[\\n ]*,[\\n ]*\"name\"[\\n ]*:[\\n ]*\"(?:[^\"\\\\\\x00-\\x1f\\x7f-\\x9f]|\\\\.)*\"[\\n ]*,[\\n ]*\"functions\"[\\n ]*:[\\n ]*\\[(\"(?:[^\"\\\\\\x00-\\x1f\\x7f-\\x9f]|\\\\.)*\")(,(\"(?:[^\"\\\\\\x00-\\x1f\\x7f-\\x9f]|\\\\.)*\"))*\\][\\n ]*\\}))*\\][\\n ]*\\}": {
    "average_time": 0.9621838123331751,
    "outlines_time": 2.168976328000099,
    "times": [
      0.9329654020002636,
      1.1009929060001014,
      1.0418061109994596,
      0.8946338269997796,
      0.9138472149998051,
      0.8888574129996414
    ],
    "states_length": 196,
    "return_time": 0.15499008699953265
  },
  "choice 1|choice 2|car|truck|dog": {
    "average_time": 0.07383877316669896,
    "outlines_time": 0.15846004699960758,
    "times": [
      0.06147270099972957,
      0.08398347999991529,
      0.06792346500060376,
      0.08440109799994389,
      0.07781762200011144,
      0.0674342729998898
    ],
    "states_length": 15,
    "return_time": 0.03234042299936846
  },
  "long choice 1 giberrish blah blah blah|long choice 2 giberrish blah blah blah": {
    "average_time": 0.12388062899996537,
    "outlines_time": 0.27906380199965497,
    "times": [
      0.12750503699953697,
      0.12117567699988285,
      0.11831288700068399,
      0.11640249599986419,
      0.12610374799987767,
      0.1337839289999465
    ],
    "states_length": 38,
    "return_time": 0.04242621999947005
  }
}