{
  "[a-z0-9!#$%&'*+/=?^_{|}~-]+(?:.[a-z0-9!#$%&'*+/=?^_{|}~-]+)*@(?:[a-z0-9](?:[a-z0-9-]*[a-z0-9])?\\.)+[a-z0-9](?:[a-z0-9-]*[a-z0-9])?": {
    "average_time": 0.20228634420000163,
    "outlines_time": 1.66084015000024,
    "times": [
      0.2079341740000018,
      0.22346397100000104,
      0.18499737200045274,
      0.18773048499997458,
      0.224278848999802,
      0.21822960700001204,
      0.18041198199989594,
      0.19380686399972546,
      0.1876520900000287,
      0.21435804800012193
    ],
    "states_length": 11,
    "return_time": 0.04877216600016254
  },
  "\\+?\\d{1,4}?[-.\\s]?\\(?\\d{1,3}?\\)?[-.\\s]?\\d{1,4}[-.\\s]?\\d{1,4}[-.\\s]?\\d{1,9}": {
    "average_time": 0.18832762450006157,
    "outlines_time": 2.778972263000014,
    "times": [
      0.17420876899996074,
      0.17822739199982607,
      0.1853953590002675,
      0.15829817000030744,
      0.2346535550000226,
      0.19270105500027057,
      0.16981838999981846,
      0.229091488999984,
      0.18432415100005528,
      0.1765579150001031
    ],
    "states_length": 47,
    "return_time": 0.05155168900000717
  },
  "\\+?[1-9][0-9]{7,14}": {
    "average_time": 0.08263097310004923,
    "outlines_time": 1.056712947000051,
    "times": [
      0.06315070100026787,
      0.07542143599994233,
      0.08743980600002033,
      0.0967547159998503,
      0.09689365400026873,
      0.08536108800035436,
      0.09580612300032953,
      0.07077118999995946,
      0.06438317599986476,
      0.09032784099963465
    ],
    "states_length": 16,
    "return_time": 0.026259691000177554
  },
  "([1-9]|0[1-9]|1[0-9]|2[0-9]|3[0-1])(\\.|-|/)([1-9]|0[1-9]|1[0-2])(\\.|-|/)([0-9][0-9]|19[0-9][0-9]|20[0-9][0-9])|([0-9][0-9]|19[0-9][0-9]|20[0-9][0-9])(\\.|-|/)([1-9]|0[1-9]|1[0-2])(\\.|-|/)([1-9]|0[1-9]|1[0-9]|2[0-9]|3[0-1])": {
    "average_time": 0.10027371969999876,
    "outlines_time": 1.9762485000001107,
    "times": [
      0.09257534999960626,
      0.09501533499997095,
      0.09509079600002224,
      0.07720269899982668,
      0.09750407499996072,
      0.1382697190001636,
      0.09667281600013666,
      0.1096157070001027,
      0.09545678699987548,
      0.10533391300032235
    ],
    "states_length": 34,
    "return_time": 0.03633128499996019
  },
  "(0?[1-9]|1[0-2]):[0-5]\\d\\s?(am|pm)?": {
    "average_time": 0.08561481350002395,
    "outlines_time": 0.7033179189998009,
    "times": [
      0.06526081499987413,
      0.08758312400004797,
      0.08296367999992071,
      0.08750594899993303,
      0.09357462600019062,
      0.08520661600005042,
      0.07612713300022733,
      0.09925960600003236,
      0.08557030300016777,
      0.09309628299979522
    ],
    "states_length": 9,
    "return_time": 0.03004234899981384
  },
  "(?:(?:25[0-5]|2[0-4][0-9]|[01]?[0-9][0-9]?)\\.){3}(?:25[0-5]|2[0-4][0-9]|[01]?[0-9][0-9]?)": {
    "average_time": 0.06883781739993537,
    "outlines_time": 1.1322929850002765,
    "times": [
      0.06931845500002964,
      0.06678807900016182,
      0.057838598000216734,
      0.07477477299971724,
      0.06894936199978474,
      0.07178203200010103,
      0.06443015999957424,
      0.06976786399991397,
      0.07289413199987393,
      0.0718347189999804
    ],
    "states_length": 23,
    "return_time": 0.02563046300019778
  },
  "(https?:\\/\\/)?([\\da-z\\.-]+)\\.([a-z\\.]{2,6})([\\/\\w \\.-]*)*\\/?": {
    "average_time": 0.10829360769998857,
    "outlines_time": 0.9243461580003896,
    "times": [
      0.10455324600025051,
      0.09387051499970767,
      0.09372683799983861,
      0.1020398099999511,
      0.1049582770001507,
      0.11178005800002211,
      0.10985315800007811,
      0.13544158700005937,
      0.11479486000007455,
      0.11191772799975297
    ],
    "states_length": 13,
    "return_time": 0.0363878839998506
  },
  "\\d{3}-\\d{2}-\\d{4}": {
    "average_time": 0.062033458199948655,
    "outlines_time": 0.6052288000000772,
    "times": [
      0.04532588799975201,
      0.05521116799991432,
      0.05958152399989558,
      0.065510298999925,
      0.06310261999988143,
      0.06800822100012738,
      0.06851477999998679,
      0.06667769800014867,
      0.06728056900010415,
      0.06112181499975122
    ],
    "states_length": 11,
    "return_time": 0.02284114199983378
  },
  "\\{[\\n ]*\"name\"[\\n ]*:[\\n ]*\"(?:[^\"\\\\\\x00-\\x1f\\x7f-\\x9f]|\\\\.){,10}\"[\\n ]*,[\\n ]*\"age\"[\\n ]*:[\\n ]*(0|[1-9][0-9]*)[\\n ]*,[\\n ]*\"armor\"[\\n ]*:[\\n ]*(\"leather\"|\"chainmail\"|\"plate\")[\\n ]*,[\\n ]*\"strength\"[\\n ]*:[\\n ]*(0|[1-9][0-9]*)[\\n ]*\\}": {
    "average_time": 0.29349579249997076,
    "outlines_time": 6.8584702399998605,
    "times": [
      0.31049797500008935,
      0.2943054909997045,
      0.3138486689999809,
      0.28937121599983584,
      0.2773184860002402,
      0.2835384139998496,
      0.277680385000167,
      0.2928354649998255,
      0.28440476500009026,
      0.31115705899992463
    ],
    "states_length": 124,
    "return_time": 0.04662174799977947
  },
  "\\{[\\n ]*\"id\"[\\n ]*:[\\n ]*(-)?((0|[1-9][0-9]*))(\\.[0-9]+)?([eE][+-][0-9]+)?[\\n ]*,[\\n ]*\"work\"[\\n ]*:[\\n ]*\\{[\\n ]*\"id\"[\\n ]*:[\\n ]*(-)?((0|[1-9][0-9]*))(\\.[0-9]+)?([eE][+-][0-9]+)?[\\n ]*,[\\n ]*\"name\"[\\n ]*:[\\n ]*\"(?:[^\"\\\\\\x00-\\x1f\\x7f-\\x9f]|\\\\.)*\"[\\n ]*,[\\n ]*\"composer\"[\\n ]*:[\\n ]*\\{[\\n ]*\"id\"[\\n ]*:[\\n ]*(-)?((0|[1-9][0-9]*))(\\.[0-9]+)?([eE][+-][0-9]+)?[\\n ]*,[\\n ]*\"name\"[\\n ]*:[\\n ]*\"(?:[^\"\\\\\\x00-\\x1f\\x7f-\\x9f]|\\\\.)*\"[\\n ]*,[\\n ]*\"functions\"[\\n ]*:[\\n ]*\\[(\"(?:[^\"\\\\\\x00-\\x1f\\x7f-\\x9f]|\\\\.)*\")(,(\"(?:[^\"\\\\\\x00-\\x1f\\x7f-\\x9f]|\\\\.)*\"))*\\][\\n ]*\\}[\\n ]*\\}[\\n ]*,[\\n ]*\"recording_artists\"[\\n ]*:[\\n ]*\\[(\\{[\\n ]*\"id\"[\\n ]*:[\\n ]*(-)?((0|[1-9][0-9]*))(\\.[0-9]+)?([eE][+-][0-9]+)?[\\n ]*,[\\n ]*\"name\"[\\n ]*:[\\n ]*\"(?:[^\"\\\\\\x00-\\x1f\\x7f-\\x9f]|\\\\.)*\"[\\n ]*,[\\n ]*\"functions\"[\\n ]*:[\\n ]*\\[(\"(?:[^\"\\\\\\x00-\\x1f\\x7f-\\x9f]|\\\\.)*\")(,(\"(?:[^\"\\\\\\x00-\\x1f\\x7f-\\x9f]|\\\\.)*\"))*\\][\\n ]*\\})(,(\\{[\\n ]*\"id\"[\\n ]*:[\\n ]*(-)?((0|[1-9][0-9]*))(\\.[0-9]+)?([eE][+-][0-9]+)?[\\n ]*,[\\n ]*\"name\"[\\n ]*:[\\n ]*\"(?:[^\"\\\\\\x00-\\x1f\\x7f-\\x9f]|\\\\.)*\"[\\n ]*,[\\n ]*\"functions\"[\\n ]*:[\\n ]*\\[(\"(?:[^\"\\\\\\x00-\\x1f\\x7f-\\x9f]|\\\\.)*\")(,(\"(?:[^\"\\\\\\x00-\\x1f\\x7f-\\x9f]|\\\\.)*\"))*\\][\\n ]*\\}))*\\][\\n ]*\\}": {
    "average_time": 0.5970794166000815,
    "outlines_time": 12.110380997999982,
    "times": [
      0.6776079060000484,
      0.5758663520000482,
      0.5554847850003171,
      0.5847445710001011,
      0.5674929709998651,
      0.5674976660002358,
      0.5850381059999563,
      0.5655762610003876,
      0.5779128179997315,
      0.7135727300001236
    ],
    "states_length": 196,
    "return_time": 0.144421980000061
  },
  "choice 1|choice 2|car|truck|dog": {
    "average_time": 0.08617111390008177,
    "outlines_time": 1.036448627000027,
    "times": [
      0.08209990500017739,
      0.09210599100015315,
      0.09234980400015047,
      0.08289639199983867,
      0.09085845400022663,
      0.08634387900019647,
      0.08417649499961044,
      0.08496495000008508,
      0.08241091700028846,
      0.08350435200009088
    ],
    "states_length": 15,
    "return_time": 0.04548108200015122
  },
  "long choice 1 giberrish blah blah blah|long choice 2 giberrish blah blah blah": {
    "average_time": 0.11347084500002894,
    "outlines_time": 2.2155083990001003,
    "times": [
      0.10184247000006508,
      0.09734822600012194,
      0.10337871299998369,
      0.10849565699982122,
      0.11851370100021086,
      0.11378921100003936,
      0.13274487399985446,
      0.10981958999991548,
      0.13675600700025825,
      0.11202000100001896
    ],
    "states_length": 38,
    "return_time": 0.04505901700031245
  },
  "\\n\\n": {
    "average_time": 0.0690830389999519,
    "outlines_time": 0.34195586299983916,