{
  "[a-z0-9!#$%&'*+/=?^_{|}~-]+(?:.[a-z0-9!#$%&'*+/=?^_{|}~-]+)*@(?:[a-z0-9](?:[a-z0-9-]*[a-z0-9])?\\.)+[a-z0-9](?:[a-z0-9-]*[a-z0-9])?": {
    "average_time": 0.13862932820001106,
    "outlines_time": 1.651641197999993,
    "times": [
      0.1390485010000475,
      0.1308191780000243,
      0.1356774469999209,
      0.1380170879999696,
      0.1376104009999608,
      0.1443620899999587,
      0.13596455500010052,
      0.13608972900010485,
      0.1404424930000232,
      0.14826180000000022
    ],
    "states_length": 11,
    "return_time": 0.027362702999994326
  },
  "\\+?\\d{1,4}?[-.\\s]?\\(?\\d{1,3}?\\)?[-.\\s]?\\d{1,4}[-.\\s]?\\d{1,4}[-.\\s]?\\d{1,9}": {
    "average_time": 0.13157402159999948,
    "outlines_time": 2.098735341000065,
    "times": [
      0.1251894029999221,
      0.1186394220000011,
      0.12545133499997974,
      0.1442420729999867,
      0.12944862000006196,
      0.12981711500003712,
      0.12923428900001,
      0.13505569300002662,
      0.13216858699991008,
      0.14649367900005927
    ],
    "states_length": 47,
    "return_time": 0.028956087999972624
  },
  "\\+?[1-9][0-9]{7,14}": {
    "average_time": 0.06125311929999953,
    "outlines_time": 0.8904000999999653,
    "times": [
      0.054919397000048775,
      0.05600021099996866,
      0.0663007480000033,
      0.06472887300003549,
      0.06776969099996677,
      0.06615766900006292,
      0.053461795999965034,
      0.058720016000052055,
      0.06211380199999894,
      0.06235898999989331
    ],
    "states_length": 16,
    "return_time": 0.028491065000025628
  },
  "([1-9]|0[1-9]|1[0-9]|2[0-9]|3[0-1])(\\.|-|/)([1-9]|0[1-9]|1[0-2])(\\.|-|/)([0-9][0-9]|19[0-9][0-9]|20[0-9][0-9])|([0-9][0-9]|19[0-9][0-9]|20[0-9][0-9])(\\.|-|/)([1-9]|0[1-9]|1[0-2])(\\.|-|/)([1-9]|0[1-9]|1[0-9]|2[0-9]|3[0-1])": {
    "average_time": 0.07290680040001689,
    "outlines_time": 1.6579960690000917,
    "times": [
      0.072479688000044,
      0.06467593899992607,
      0.07287882100001752,
      0.07342558800007737,
      0.07256007299997691,
      0.07099309600005199,
      0.06360583100001804,
      0.06580904999998438,
      0.08739187400010451,
      0.0852480439999681
    ],
    "states_length": 34,
    "return_time": 0.033206172000063816
  },
  "(0?[1-9]|1[0-2]):[0-5]\\d\\s?(am|pm)?": {
    "average_time": 0.05750478420000036,
    "outlines_time": 0.5544326080000701,
    "times": [
      0.04847357300002386,
      0.05967326799998318,
      0.05895680899993749,
      0.058893819999980224,
      0.06331946399996013,
      0.06450878500004364,
      0.054683141000055,
      0.05832140799998342,
      0.058023591000051056,
      0.050193982999985565
    ],
    "states_length": 9,
    "return_time": 0.023937793999948553
  },
  "(?:(?:25[0-5]|2[0-4][0-9]|[01]?[0-9][0-9]?)\\.){3}(?:25[0-5]|2[0-4][0-9]|[01]?[0-9][0-9]?)": {
    "average_time": 0.07283782900002507,
    "outlines_time": 1.121824523999976,
    "times": [
      0.09955105699998512,
      0.06247216200006278,
      0.10612396000010449,
      0.057301596000002064,
      0.07269321600006151,
      0.06623903100000916,
      0.0704249750000372,
      0.05747150299998793,
      0.06218583600002603,
      0.07391495399997439
    ],
    "states_length": 23,
    "return_time": 0.027488792999974976
  },
  "(https?:\\/\\/)?([\\da-z\\.-]+)\\.([a-z\\.]{2,6})([\\/\\w \\.-]*)*\\/?": {
    "average_time": 0.1035378698000045,
    "outlines_time": 1.0232753809999622,
    "times": [
      0.11043312600008903,
      0.08881718699990415,
      0.10507765700003802,
      0.10677032799992503,
      0.09796229000005496,
      0.10631243700004234,
      0.1052315769999268,
      0.1035300680000546,
      0.10413144100004956,
      0.10711258699996051
    ],
    "states_length": 13,
    "return_time": 0.039318752000099266
  },
  "\\d{3}-\\d{2}-\\d{4}": {
    "average_time": 0.055958139200038205,
    "outlines_time": 0.5836011279999411,
    "times": [
      0.042998783999905754,
      0.053866168000013204,
      0.05917539300003227,
      0.06030682000005072,
      0.05276089599999523,
      0.05294681500004117,
      0.06914610300009372,
      0.05988019800008715,
      0.06081984500008275,
      0.047680370000080075
    ],
    "states_length": 11,
    "return_time": 0.02191098499997679
  },
  "\\{[\\n ]*\"name\"[\\n ]*:[\\n ]*\"(?:[^\"\\\\\\x00-\\x1f\\x7f-\\x9f]|\\\\.){,10}\"[\\n ]*,[\\n ]*\"age\"[\\n ]*:[\\n ]*(0|[1-9][0-9]*)[\\n ]*,[\\n ]*\"armor\"[\\n ]*:[\\n ]*(\"leather\"|\"chainmail\"|\"plate\")[\\n ]*,[\\n ]*\"strength\"[\\n ]*:[\\n ]*(0|[1-9][0-9]*)[\\n ]*\\}": {
    "average_time": 0.30663094739998087,
    "outlines_time": 6.6439670290000095,
    "times": [
      0.3033392950000007,
      0.2988034279999283,
      0.34103385499997785,
      0.30824248800001897,
      0.2958956689999468,
      0.30773408799996105,
      0.3200187539999888,
      0.2939545100000487,
      0.29864663800003655,
      0.298640748999901
    ],
    "states_length": 124,
    "return_time": 0.05021100800001932
  },
  "\\{[\\n ]*\"id\"[\\n ]*:[\\n ]*(-)?((0|[1-9][0-9]*))(\\.[0-9]+)?([eE][+-][0-9]+)?[\\n ]*,[\\n ]*\"work\"[\\n ]*:[\\n ]*\\{[\\n ]*\"id\"[\\n ]*:[\\n ]*(-)?((0|[1-9][0-9]*))(\\.[0-9]+)?([eE][+-][0-9]+)?[\\n ]*,[\\n ]*\"name\"[\\n ]*:[\\n ]*\"(?:[^\"\\\\\\x00-\\x1f\\x7f-\\x9f]|\\\\.)*\"[\\n ]*,[\\n ]*\"composer\"[\\n ]*:[\\n ]*\\{[\\n ]*\"id\"[\\n ]*:[\\n ]*(-)?((0|[1-9][0-9]*))(\\.[0-9]+)?([eE][+-][0-9]+)?[\\n ]*,[\\n ]*\"name\"[\\n ]*:[\\n ]*\"(?:[^\"\\\\\\x00-\\x1f\\x7f-\\x9f]|\\\\.)*\"[\\n ]*,[\\n ]*\"functions\"[\\n ]*:[\\n ]*\\[(\"(?:[^\"\\\\\\x00-\\x1f\\x7f-\\x9f]|\\\\.)*\")(,(\"(?:[^\"\\\\\\x00-\\x1f\\x7f-\\x9f]|\\\\.)*\"))*\\][\\n ]*\\}[\\n ]*\\}[\\n ]*,[\\n ]*\"recording_artists\"[\\n ]*:[\\n ]*\\[(\\{[\\n ]*\"id\"[\\n ]*:[\\n ]*(-)?((0|[1-9][0-9]*))(\\.[0-9]+)?([eE][+-][0-9]+)?[\\n ]*,[\\n ]*\"name\"[\\n ]*:[\\n ]*\"(?:[^\"\\\\\\x00-\\x1f\\x7f-\\x9f]|\\\\.)*\"[\\n ]*,[\\n ]*\"functions\"[\\n ]*:[\\n ]*\\[(\"(?:[^\"\\\\\\x00-\\x1f\\x7f-\\x9f]|\\\\.)*\")(,(\"(?:[^\"\\\\\\x00-\\x1f\\x7f-\\x9f]|\\\\.)*\"))*\\][\\n ]*\\})(,(\\{[\\n ]*\"id\"[\\n ]*:[\\n ]*(-)?((0|[1-9][0-9]*))(\\.[0-9]+)?([eE][+-][0-9]+)?[\\n ]*,[\\n ]*\"name\"[\\n ]*:[\\n ]*\"(?:[^\"\\\\\\x00-\\x1f\\x7f-\\x9f]|\\\\.)*\"[\\n ]*,[\\n ]*\"functions\"[\\n ]*:[\\n ]*\\[(\"(?:[^\"\\\\\\x00-\\x1f\\x7f-\\x9f]|\\\\.)*\")(,(\"(?:[^\"\\\\\\x00-\\x1f\\x7f-\\x9f]|\\\\.)*\"))*\\][\\n ]*\\}))*\\][\\n ]*\\}": {
    "average_time": 0.7521846700999845,
    "outlines_time": 13.175727448999965,
    "times": [
      0.7146965430000591,
      0.7167651139999407,
      0.7405417310000075,
      0.6914419720000069,
      0.6994714189999058,
      0.7178184450000344,
      0.7408829710000191,
      0.8226828099999466,
      0.7257785979999198,
      0.9517670980000048
    ],
    "states_length": 196,
    "return_time": 0.1379989920000071
  },
  "choice 1|choice 2|car|truck|dog": {
    "average_time": 0.080303277899975,
    "outlines_time": 0.9975669689999904,
    "times": [
      0.06870059999994282,
      0.0688090569999531,
      0.08417905199996767,
      0.08757029299999886,
      0.06832089299996369,
      0.07753769599992211,
      0.08152905700001156,
      0.0822780230000717,
      0.09561127799997848,
      0.08849682999994002
    ],
    "states_length": 15,
    "return_time": 0.031035952999900474
  },
  "long choice 1 giberrish blah blah blah|long choice 2 giberrish blah blah blah": {
    "average_time": 0.10329810730000873,
    "outlines_time": 2.0147929800000384,
    "times": [
      0.0919017349999649,
      0.09051042999999481,
      0.11095030500007397,
      0.10438155700001062,
      0.09307721200002561,
      0.10289506499998424,
      0.09516872899996542,
      0.10639883699991515,
      0.1316092120000576,
      0.10608799100009492
    ],
    "states_length": 38,
    "return_time": 0.041144792999944
  },
  "\\n\\n": {
    "average_time": 0.06318213659998265,
    "outlines_time": 0.34582665699997506,