{
  "[a-z0-9!#$%&'*+/=?^_{|}~-]+(?:.[a-z0-9!#$%&'*+/=?^_{|}~-]+)*@(?:[a-z0-9](?:[a-z0-9-]*[a-z0-9])?\\.)+[a-z0-9](?:[a-z0-9-]*[a-z0-9])?": {
    "average_time": 0.2692070866999757,
    "outlines_time": 1.6610166270002082,
    "times": [
      0.2512238780000189,
      0.26876588999994055,
      0.32305597399999897,
      0.2520821299999625,
      0.27489844599995195,
      0.2694280139999137,
      0.2552405149999686,
      0.25814755700002934,
      0.2686359449999145,
      0.2705925180000577
    ],
    "states_length": 11,
    "return_time": 0.03092350199995053
  },
  "\\+?\\d{1,4}?[-.\\s]?\\(?\\d{1,3}?\\)?[-.\\s]?\\d{1,4}[-.\\s]?\\d{1,4}[-.\\s]?\\d{1,9}": {
    "average_time": 0.2302379320999762,
    "outlines_time": 2.806728072999931,
    "times": [
      0.21484867899994242,
      0.2431239860000005,
      0.2671679789998507,
      0.2339641109999775,
      0.2084263459998965,
      0.2276370219999535,
      0.2344787990000441,
      0.22822899900006632,
      0.22353692199999387,
      0.22096647800003666
    ],
    "states_length": 47,
    "return_time": 0.03945355699988795
  },
  "\\+?[1-9][0-9]{7,14}": {
    "average_time": 0.10111891370002013,
    "outlines_time": 1.0545892889999777,
    "times": [
      0.08956897499979277,
      0.0995479329999398,
      0.09464467500015417,
      0.10175113900004362,
      0.10898790100009137,
      0.10089119700000992,
      0.11694909000016196,
      0.09576365599991732,
      0.10542124600010538,
      0.09766332499998498
    ],
    "states_length": 16,
    "return_time": 0.04014429399990149
  },
  "([1-9]|0[1-9]|1[0-9]|2[0-9]|3[0-1])(\\.|-|/)([1-9]|0[1-9]|1[0-2])(\\.|-|/)([0-9][0-9]|19[0-9][0-9]|20[0-9][0-9])|([0-9][0-9]|19[0-9][0-9]|20[0-9][0-9])(\\.|-|/)([1-9]|0[1-9]|1[0-2])(\\.|-|/)([1-9]|0[1-9]|1[0-9]|2[0-9]|3[0-1])": {
    "average_time": 0.12210427160002837,
    "outlines_time": 2.097284054000056,
    "times": [
      0.12685476399997242,
      0.12452531300004921,
      0.1133732460000374,
      0.11791362000008121,
      0.10710559600011038,
      0.11618951100012964,
      0.12433765299988409,
      0.1296133739999732,
      0.13581801800000903,
      0.12531162100003712
    ],
    "states_length": 34,
    "return_time": 0.0402658440000323
  },
  "(0?[1-9]|1[0-2]):[0-5]\\d\\s?(am|pm)?": {
    "average_time": 0.09160044449999986,
    "outlines_time": 0.7075736199999483,
    "times": [
      0.08744685900001059,
      0.08178233900002851,
      0.08673014299984061,
      0.09680532400011543,
      0.10298737700009042,
      0.09762116599995352,
      0.08712419900007262,
      0.0995844889998807,
      0.09471629599988773,
      0.08120625300011852
    ],
    "states_length": 9,
    "return_time": 0.030901772000106575
  },
  "(?:(?:25[0-5]|2[0-4][0-9]|[01]?[0-9][0-9]?)\\.){3}(?:25[0-5]|2[0-4][0-9]|[01]?[0-9][0-9]?)": {
    "average_time": 0.10204377129998647,
    "outlines_time": 1.4410538920001272,
    "times": [
      0.09232054099993547,
      0.09972318199993424,
      0.09647926999991796,
      0.10354652399996667,
      0.11198100000001432,
      0.10838201299998218,
      0.10389178800005539,
      0.09483791499997096,
      0.1293699430000288,
      0.07990553700005876
    ],
    "states_length": 23,
    "return_time": 0.03175490500007072
  },
  "(https?:\\/\\/)?([\\da-z\\.-]+)\\.([a-z\\.]{2,6})([\\/\\w \\.-]*)*\\/?": {
    "average_time": 0.13233542230004786,
    "outlines_time": 0.8868382180000935,
    "times": [
      0.13271170500001972,
      0.1264424340001824,
      0.12823350600001504,
      0.13672780899992176,
      0.13370915100017555,
      0.14086742500012406,
      0.12235300700012885,
      0.1316183330000058,
      0.13719047499989756,
      0.1335003780000079
    ],
    "states_length": 13,
    "return_time": 0.036624910000000455
  },
  "\\d{3}-\\d{2}-\\d{4}": {
    "average_time": 0.07015367080000487,
    "outlines_time": 0.5654937110000446,
    "times": [
      0.06223324799998409,
      0.06122515399988515,
      0.07153807500003495,
      0.06432503300015924,
      0.06891702899997654,
      0.07758713299995179,
      0.06649534499979382,
      0.08036918600009813,
      0.07657636700014336,
      0.07227013800002169
    ],
    "states_length": 11,
    "return_time": 0.0226307259999885
  },
  "\\{[\\n ]*\"name\"[\\n ]*:[\\n ]*\"(?:[^\"\\\\\\x00-\\x1f\\x7f-\\x9f]|\\\\.){,10}\"[\\n ]*,[\\n ]*\"age\"[\\n ]*:[\\n ]*(0|[1-9][0-9]*)[\\n ]*,[\\n ]*\"armor\"[\\n ]*:[\\n ]*(\"leather\"|\"chainmail\"|\"plate\")[\\n ]*,[\\n ]*\"strength\"[\\n ]*:[\\n ]*(0|[1-9][0-9]*)[\\n ]*\\}": {
    "average_time": 0.41156026579999433,
    "outlines_time": 6.668981994999967,
    "times": [
      0.4644928349998736,
      0.4061319459999595,
      0.40371500199989896,
      0.4298588829999517,
      0.40309966000017994,
      0.4018724720001501,
      0.4049497349999456,
      0.39441394300001775,
      0.3987790609999138,
      0.40828912100005255
    ],
    "states_length": 124,
    "return_time": 0.0479249739998977
  },
  "\\{[\\n ]*\"id\"[\\n ]*:[\\n ]*(-)?((0|[1-9][0-9]*))(\\.[0-9]+)?([eE][+-][0-9]+)?[\\n ]*,[\\n ]*\"work\"[\\n ]*:[\\n ]*\\{[\\n ]*\"id\"[\\n ]*:[\\n ]*(-)?((0|[1-9][0-9]*))(\\.[0-9]+)?([eE][+-][0-9]+)?[\\n ]*,[\\n ]*\"name\"[\\n ]*:[\\n ]*\"(?:[^\"\\\\\\x00-\\x1f\\x7f-\\x9f]|\\\\.)*\"[\\n ]*,[\\n ]*\"composer\"[\\n ]*:[\\n ]*\\{[\\n ]*\"id\"[\\n ]*:[\\n ]*(-)?((0|[1-9][0-9]*))(\\.[0-9]+)?([eE][+-][0-9]+)?[\\n ]*,[\\n ]*\"name\"[\\n ]*:[\\n ]*\"(?:[^\"\\\\\\x00-\\x1f\\x7f-\\x9f]|\\\\.)*\"[\\n ]*,[\\n ]*\"functions\"[\\n ]*:[\\n ]*\\[(\"(?:[^\"\\\\\\x00-\\x1f\\x7f-\\x9f]|\\\\.)*\")(,(\"(?:[^\"\\\\\\x00-\\x1f\\x7f-\\x9f]|\\\\.)*\"))*\\][\\n ]*\\}[\\n ]*\\}[\\n ]*,[\\n ]*\"recording_artists\"[\\n ]*:[\\n ]*\\[(\\{[\\n ]*\"id\"[\\n ]*:[\\n ]*(-)?((0|[1-9][0-9]*))(\\.[0-9]+)?([eE][+-][0-9]+)?[\\n ]*,[\\n ]*\"name\"[\\n ]*:[\\n ]*\"(?:[^\"\\\\\\x00-\\x1f\\x7f-\\x9f]|\\\\.)*\"[\\n ]*,[\\n ]*\"functions\"[\\n ]*:[\\n ]*\\[(\"(?:[^\"\\\\\\x00-\\x1f\\x7f-\\x9f]|\\\\.)*\")(,(\"(?:[^\"\\\\\\x00-\\x1f\\x7f-\\x9f]|\\\\.)*\"))*\\][\\n ]*\\})(,(\\{[\\n ]*\"id\"[\\n ]*:[\\n ]*(-)?((0|[1-9][0-9]*))(\\.[0-9]+)?([eE][+-][0-9]+)?[\\n ]*,[\\n ]*\"name\"[\\n ]*:[\\n ]*\"(?:[^\"\\\\\\x00-\\x1f\\x7f-\\x9f]|\\\\.)*\"[\\n ]*,[\\n ]*\"functions\"[\\n ]*:[\\n ]*\\[(\"(?:[^\"\\\\\\x00-\\x1f\\x7f-\\x9f]|\\\\.)*\")(,(\"(?:[^\"\\\\\\x00-\\x1f\\x7f-\\x9f]|\\\\.)*\"))*\\][\\n ]*\\}))*\\][\\n ]*\\}": {
    "average_time": 0.8631835950999858,
    "outlines_time": 12.381106634999924,
    "times": [
      0.9684274859998823,
      0.8930624259999149,
      0.8457356160001837,
      0.8471962029998394,
      0.8173693169999297,
      0.8526641170001312,
      0.8600775029999568,
      0.8560231159999603,
      0.8553203720000511,
      0.8359597950000079
    ],
    "states_length": 196,
    "return_time": 0.15014453799994953
  },
  "choice 1|choice 2|car|truck|dog": {
    "average_time": 0.08322423669999353,
    "outlines_time": 0.810846870000205,
    "times": [
      0.06904431500015562,
      0.0819226979999712,
      0.08800422799981789,
      0.0956140560001586,
      0.08735129299998334,
      0.07663078799987488,
      0.08383060100004514,
      0.08209188000000722,
      0.07498738599997523,
      0.09276512199994613
    ],
    "states_length": 15,
    "return_time": 0.02534018100004687
  },
  "long choice 1 giberrish blah blah blah|long choice 2 giberrish blah blah blah": {
    "average_time": 0.1139691028000243,
    "outlines_time": 1.544455866999897,
    "times": [
      0.10511670300002152,
      0.11502418399982162,
      0.10274534099994526,
      0.1203028219999851,
      0.11975919900010012,
      0.11998882300008518,
      0.11762595499999406,
      0.11733302300012838,
      0.12029569900005299,
      0.1014992790001088
    ],
    "states_length": 38,
    "return_time": 0.02646488400000635
  },
  "\\n\\n": {
    "average_time": 0.0646267041000101,
    "outlines_time": 0.26181692199997997,