{
  "[a-z0-9!#$%&'*+/=?^_{|}~-]+(?:.[a-z0-9!#$%&'*+/=?^_{|}~-]+)*@(?:[a-z0-9](?:[a-z0-9-]*[a-z0-9])?\\.)+[a-z0-9](?:[a-z0-9-]*[a-z0-9])?": {
    "average_time": 0.1828691806000279,
    "outlines_time": 1.627110826000262,
    "times": [
      0.17872205699995902,
      0.16442854400020224,
      0.17899179899995943,
      0.19816567999987456,
      0.17736206900008256,
      0.18283902200028024,
      0.1907501730001968,
      0.2048756939998384,
      0.18412718099989434,
      0.16842958699999144
    ],
    "states_length": 11,
    "return_time": 0.0403441550001844
  },
  "\\+?\\d{1,4}?[-.\\s]?\\(?\\d{1,3}?\\)?[-.\\s]?\\d{1,4}[-.\\s]?\\d{1,4}[-.\\s]?\\d{1,9}": {
    "average_time": 0.17289679889995568,
    "outlines_time": 2.8662014279998402,
    "times": [
      0.17707881599972097,
      0.15112348399998154,
      0.17786532699983582,
      0.17113364499982708,
      0.19446441500031142,
      0.17092029400009778,
      0.16952343199955067,
      0.1745787040003961,
      0.17229211199992278,
      0.16998775999991267
    ],
    "states_length": 47,
    "return_time": 0.04505985999958284
  },
  "\\+?[1-9][0-9]{7,14}": {
    "average_time": 0.0792271578999589,
    "outlines_time": 1.0689910690002762,
    "times": [
      0.09285527599968191,
      0.0938011519997417,
      0.07839077300013741,
      0.06435478699995656,
      0.0705682410002737,
      0.07798278300015227,
      0.07507581699974253,
      0.0855380029997832,
      0.0728731100002733,
      0.08083163699984652
    ],
    "states_length": 16,
    "return_time": 0.03716904399971099
  },
  "([1-9]|0[1-9]|1[0-9]|2[0-9]|3[0-1])(\\.|-|/)([1-9]|0[1-9]|1[0-2])(\\.|-|/)([0-9][0-9]|19[0-9][0-9]|20[0-9][0-9])|([0-9][0-9]|19[0-9][0-9]|20[0-9][0-9])(\\.|-|/)([1-9]|0[1-9]|1[0-2])(\\.|-|/)([1-9]|0[1-9]|1[0-9]|2[0-9]|3[0-1])": {
    "average_time": 0.0872793305000414,
    "outlines_time": 1.7000279760000012,
    "times": [
      0.08577944700027729,
      0.07704917899991415,
      0.07181228200033729,
      0.09986732900006245,
      0.09239634300001853,
      0.07749015799981862,
      0.09812223200015069,
      0.0948209670000324,
      0.09415582399969935,
      0.0812995440001032
    ],
    "states_length": 34,
    "return_time": 0.03878829199993561
  },
  "(0?[1-9]|1[0-2]):[0-5]\\d\\s?(am|pm)?": {
    "average_time": 0.07494954140001937,
    "outlines_time": 0.631881809999868,
    "times": [
      0.07175557599975946,
      0.07734352099987518,
      0.07887681900001553,
      0.07214944199995443,
      0.07123276999982409,
      0.0681523470002503,
      0.07540022000011959,
      0.06833353199999692,
      0.0767025680002007,
      0.0895486190001975
    ],
    "states_length": 9,
    "return_time": 0.037799903999712114
  },
  "(?:(?:25[0-5]|2[0-4][0-9]|[01]?[0-9][0-9]?)\\.){3}(?:25[0-5]|2[0-4][0-9]|[01]?[0-9][0-9]?)": {
    "average_time": 0.07950274370000443,
    "outlines_time": 1.276429675000145,
    "times": [
      0.0713590700001987,
      0.08792156599974987,
      0.07177983800011134,
      0.09183772500000487,
      0.08397858700027427,
      0.08205010299980131,
      0.07122012199988603,
      0.07684050000034404,
      0.0768442049998157,
      0.08119572099985817
    ],
    "states_length": 23,
    "return_time": 0.04057614800012743
  },
  "(https?:\\/\\/)?([\\da-z\\.-]+)\\.([a-z\\.]{2,6})([\\/\\w \\.-]*)*\\/?": {
    "average_time": 0.12277949849999459,
    "outlines_time": 1.1759721789999276,
    "times": [
      0.13840749500013771,
      0.11913337099986165,
      0.11240688800035059,
      0.11775159299986626,
      0.1330148269998972,
      0.11574275800012401,
      0.13340567900013411,
      0.11799217099996895,
      0.11977012799980002,
      0.12017007499980537
    ],
    "states_length": 13,
    "return_time": 0.06003217500028768
  },
  "\\d{3}-\\d{2}-\\d{4}": {
    "average_time": 0.07182160410006873,
    "outlines_time": 0.7128190599996742,
    "times": [
      0.048306379999758065,
      0.05825602999993862,
      0.07940968800039627,
      0.06628124300004856,
      0.08540223800036983,
      0.08496279600012713,
      0.06463213100005305,
      0.07952894600020954,
      0.0635563569999249,
      0.08788023199986128
    ],
    "states_length": 11,
    "return_time": 0.02914948799980266
  },
  "\\{[\\n ]*\"name\"[\\n ]*:[\\n ]*\"(?:[^\"\\\\\\x00-\\x1f\\x7f-\\x9f]|\\\\.){,10}\"[\\n ]*,[\\n ]*\"age\"[\\n ]*:[\\n ]*(0|[1-9][0-9]*)[\\n ]*,[\\n ]*\"armor\"[\\n ]*:[\\n ]*(\"leather\"|\"chainmail\"|\"plate\")[\\n ]*,[\\n ]*\"strength\"[\\n ]*:[\\n ]*(0|[1-9][0-9]*)[\\n ]*\\}": {
    "average_time": 0.3443367762998605,
    "outlines_time": 7.808526358000108,
    "times": [
      0.37721298999986175,
      0.3193573439998545,
      0.3351156029998492,
      0.33038623099992037,
      0.331492801999957,
      0.32809982799972204,
      0.35591668500001106,
      0.34396548499989876,
      0.36353622499973426,
      0.3582845699997961
    ],
    "states_length": 124,
    "return_time": 0.05917320699973061
  },
  "\\{[\\n ]*\"id\"[\\n ]*:[\\n ]*(-)?((0|[1-9][0-9]*))(\\.[0-9]+)?([eE][+-][0-9]+)?[\\n ]*,[\\n ]*\"work\"[\\n ]*:[\\n ]*\\{[\\n ]*\"id\"[\\n ]*:[\\n ]*(-)?((0|[1-9][0-9]*))(\\.[0-9]+)?([eE][+-][0-9]+)?[\\n ]*,[\\n ]*\"name\"[\\n ]*:[\\n ]*\"(?:[^\"\\\\\\x00-\\x1f\\x7f-\\x9f]|\\\\.)*\"[\\n ]*,[\\n ]*\"composer\"[\\n ]*:[\\n ]*\\{[\\n ]*\"id\"[\\n ]*:[\\n ]*(-)?((0|[1-9][0-9]*))(\\.[0-9]+)?([eE][+-][0-9]+)?[\\n ]*,[\\n ]*\"name\"[\\n ]*:[\\n ]*\"(?:[^\"\\\\\\x00-\\x1f\\x7f-\\x9f]|\\\\.)*\"[\\n ]*,[\\n ]*\"functions\"[\\n ]*:[\\n ]*\\[(\"(?:[^\"\\\\\\x00-\\x1f\\x7f-\\x9f]|\\\\.)*\")(,(\"(?:[^\"\\\\\\x00-\\x1f\\x7f-\\x9f]|\\\\.)*\"))*\\][\\n ]*\\}[\\n ]*\\}[\\n ]*,[\\n ]*\"recording_artists\"[\\n ]*:[\\n ]*\\[(\\{[\\n ]*\"id\"[\\n ]*:[\\n ]*(-)?((0|[1-9][0-9]*))(\\.[0-9]+)?([eE][+-][0-9]+)?[\\n ]*,[\\n ]*\"name\"[\\n ]*:[\\n ]*\"(?:[^\"\\\\\\x00-\\x1f\\x7f-\\x9f]|\\\\.)*\"[\\n ]*,[\\n ]*\"functions\"[\\n ]*:[\\n ]*\\[(\"(?:[^\"\\\\\\x00-\\x1f\\x7f-\\x9f]|\\\\.)*\")(,(\"(?:[^\"\\\\\\x00-\\x1f\\x7f-\\x9f]|\\\\.)*\"))*\\][\\n ]*\\})(,(\\{[\\n ]*\"id\"[\\n ]*:[\\n ]*(-)?((0|[1-9][0-9]*))(\\.[0-9]+)?([eE][+-][0-9]+)?[\\n ]*,[\\n ]*\"name\"[\\n ]*:[\\n ]*\"(?:[^\"\\\\\\x00-\\x1f\\x7f-\\x9f]|\\\\.)*\"[\\n ]*,[\\n ]*\"functions\"[\\n ]*:[\\n ]*\\[(\"(?:[^\"\\\\\\x00-\\x1f\\x7f-\\x9f]|\\\\.)*\")(,(\"(?:[^\"\\\\\\x00-\\x1f\\x7f-\\x9f]|\\\\.)*\"))*\\][\\n ]*\\}))*\\][\\n ]*\\}": {
    "average_time": 0.5586371459999555,
    "outlines_time": 12.074704470000142,
    "times": [
      0.6407495029998245,
      0.5487123759999122,
      0.5381190840003001,
      0.5381000620000123,
      0.5419359299999087,
      0.5785276139999951,
      0.5452136139997492,
      0.5456265180000628,
      0.5475207629997385,
      0.5618659960000514
    ],
    "states_length": 196,
    "return_time": 0.13243121799996516
  },
  "choice 1|choice 2|car|truck|dog": {
    "average_time": 0.06223531699997693,
    "outlines_time": 0.69593845899999,
    "times": [
      0.058226714999818796,
      0.07705171099996733,
      0.06519652899987705,
      0.06257085899960657,
      0.0616195580000749,
      0.05727460499974768,
      0.06211815100004969,
      0.06309476700016603,
      0.05837484300036522,
      0.05682543200009604
    ],
    "states_length": 15,
    "return_time": 0.03247511099971234
  },
  "long choice 1 giberrish blah blah blah|long choice 2 giberrish blah blah blah": {
    "average_time": 0.07701490300000842,
    "outlines_time": 1.4608859990003111,
    "times": [
      0.079183075000401,
      0.0793320349998794,
      0.07184185400001297,
      0.0754994250000891,
      0.07730270799993377,
      0.07258461199990052,
      0.08150578699996913,
      0.07956054999976914,
      0.07592345300008674,
      0.07741553100004239
    ],
    "states_length": 38,
    "return_time": 0.026132965000215336
  },
  "\\n\\n": {
    "average_time": 0.04407333050003217,
    "outlines_time": 0.23034092699981557,