{
  "[a-z0-9!#$%&'*+/=?^_{|}~-]+(?:.[a-z0-9!#$%&'*+/=?^_{|}~-]+)*@(?:[a-z0-9](?:[a-z0-9-]*[a-z0-9])?\\.)+[a-z0-9](?:[a-z0-9-]*[a-z0-9])?": {
    "average_time": 0.02465680566666606,
    "outlines_time": 0.36943299500001103,
    "times": [
      0.025073342999974102,
      0.022716214000013224,
      0.024648800000022675,
      0.028105773999982375,
      0.024644034999994346,
      0.022752668000009635
    ],
    "states_length": 11,
    "return_time": 0.01575897099996837
  },
  "\\+?\\d{1,4}?[-.\\s]?\\(?\\d{1,3}?\\)?[-.\\s]?\\d{1,4}[-.\\s]?\\d{1,4}[-.\\s]?\\d{1,9}": {
    "average_time": 0.024963143666676995,
    "outlines_time": 0.34693196900002476,
    "times": [
      0.057305733000021064,
      0.019458018000023003,
      0.017365520999987893,
      0.01895883600002435,
      0.016737062000004244,
      0.01995369200000141
    ],
    "states_length": 47,
    "return_time": 0.01744167900000093
  },
  "\\+?[1-9][0-9]{7,14}": {
    "average_time": 0.012406802666674821,
    "outlines_time": 0.13537477900001704,
    "times": [
      0.023306209999987004,
      0.010856034000028103,
      0.010798560000012003,
      0.009455609999974968,
      0.009816107000006014,
      0.010208295000040835
    ],
    "states_length": 16,
    "return_time": 0.009446633000038673
  },
  "([1-9]|0[1-9]|1[0-9]|2[0-9]|3[0-1])(\\.|-|/)([1-9]|0[1-9]|1[0-2])(\\.|-|/)([0-9][0-9]|19[0-9][0-9]|20[0-9][0-9])|([0-9][0-9]|19[0-9][0-9]|20[0-9][0-9])(\\.|-|/)([1-9]|0[1-9]|1[0-2])(\\.|-|/)([1-9]|0[1-9]|1[0-9]|2[0-9]|3[0-1])": {
    "average_time": 0.024427394166669576,
    "outlines_time": 0.24409229200000482,
    "times": [
      0.036398638999969535,
      0.02231087400002707,
      0.020259016000011343,
      0.025422972999990634,
      0.021285879000004115,
      0.020886984000014763
    ],
    "states_length": 34,
    "return_time": 0.019409469999970952
  },
  "(0?[1-9]|1[0-2]):[0-5]\\d\\s?(am|pm)?": {
    "average_time": 0.014658086333336465,
    "outlines_time": 0.10279498800002784,
    "times": [
      0.02270084499997438,
      0.01703664399997251,
      0.01213055600004509,
      0.012512433000040346,
      0.012395141000013155,
      0.011172898999973313
    ],
    "states_length": 9,
    "return_time": 0.010323594999988472
  },
  "(?:(?:25[0-5]|2[0-4][0-9]|[01]?[0-9][0-9]?)\\.){3}(?:25[0-5]|2[0-4][0-9]|[01]?[0-9][0-9]?)": {
    "average_time": 0.016347641666679163,
    "outlines_time": 0.19429661200001647,
    "times": [
      0.028569545999971524,
      0.015827747999992425,
      0.01365112000002,
      0.012292541000022084,
      0.013419158000033349,
      0.014325737000035588
    ],
    "states_length": 23,
    "return_time": 0.013564196000004358
  },
  "(https?:\\/\\/)?([\\da-z\\.-]+)\\.([a-z\\.]{2,6})([\\/\\w \\.-]*)*\\/?": {
    "average_time": 0.03961832616666546,
    "outlines_time": 0.2858552910000185,
    "times": [
      0.060696086999996623,
      0.03532570599998053,
      0.03741346800001111,
      0.034168040999986715,
      0.035457439000026625,
      0.034649215999991156
    ],
    "states_length": 13,
    "return_time": 0.025485829999979615
  },
  "\\d{3}-\\d{2}-\\d{4}": {
    "average_time": 0.013452609833336737,
    "outlines_time": 0.13886049199999206,
    "times": [
      0.02243071600003077,
      0.013687263999997867,
      0.011301568000021689,
      0.011591527000007318,
      0.010500874000001659,
      0.01120370999996112
    ],
    "states_length": 11,
    "return_time": 0.009976674000029107
  },
  "\\{[\\n ]*\"name\"[\\n ]*:[\\n ]*\"(?:[^\"\\\\\\x00-\\x1f\\x7f-\\x9f]|\\\\.){,10}\"[\\n ]*,[\\n ]*\"age\"[\\n ]*:[\\n ]*(0|[1-9][0-9]*)[\\n ]*,[\\n ]*\"armor\"[\\n ]*:[\\n ]*(\"leather\"|\"chainmail\"|\"plate\")[\\n ]*,[\\n ]*\"strength\"[\\n ]*:[\\n ]*(0|[1-9][0-9]*)[\\n ]*\\}": {
    "average_time": 0.08219976983333292,
    "outlines_time": 1.3545470999999907,
    "times": [
      0.1531446760000108,
      0.08507807699999148,
      0.06491251599999259,
      0.06280586600001925,
      0.06407944699998325,
      0.06317803700000013
    ],
    "states_length": 124,
    "return_time": 0.045461654000007456
  },
  "\\{[\\n ]*\"id\"[\\n ]*:[\\n ]*(-)?((0|[1-9][0-9]*))(\\.[0-9]+)?([eE][+-][0-9]+)?[\\n ]*,[\\n ]*\"work\"[\\n ]*:[\\n ]*\\{[\\n ]*\"id\"[\\n ]*:[\\n ]*(-)?((0|[1-9][0-9]*))(\\.[0-9]+)?([eE][+-][0-9]+)?[\\n ]*,[\\n ]*\"name\"[\\n ]*:[\\n ]*\"(?:[^\"\\\\\\x00-\\x1f\\x7f-\\x9f]|\\\\.)*\"[\\n ]*,[\\n ]*\"composer\"[\\n ]*:[\\n ]*\\{[\\n ]*\"id\"[\\n ]*:[\\n ]*(-)?((0|[1-9][0-9]*))(\\.[0-9]+)?([eE][+-][0-9]+)?[\\n ]*,[\\n ]*\"name\"[\\n ]*:[\\n ]*\"(?:[^\"\\\\\\x00-\\x1f\\x7f-\\x9f]|\\\\.)*\"[\\n ]*,[\\n ]*\"functions\"[\\n ]*:[\\n ]*\\[(\"(?:[^\"\\\\\\x00-\\x1f\\x7f-\\x9f]|\\\\.)*\")(,(\"(?:[^\"\\\\\\x00-\\x1f\\x7f-\\x9f]|\\\\.)*\"))*\\][\\n ]*\\}[\\n ]*\\}[\\n ]*,[\\n ]*\"recording_artists\"[\\n ]*:[\\n ]*\\[(\\{[\\n ]*\"id\"[\\n ]*:[\\n ]*(-)?((0|[1-9][0-9]*))(\\.[0-9]+)?([eE][+-][0-9]+)?[\\n ]*,[\\n ]*\"name\"[\\n ]*:[\\n ]*\"(?:[^\"\\\\\\x00-\\x1f\\x7f-\\x9f]|\\\\.)*\"[\\n ]*,[\\n ]*\"functions\"[\\n ]*:[\\n ]*\\[(\"(?:[^\"\\\\\\x00-\\x1f\\x7f-\\x9f]|\\\\.)*\")(,(\"(?:[^\"\\\\\\x00-\\x1f\\x7f-\\x9f]|\\\\.)*\"))*\\][\\n ]*\\})(,(\\{[\\n ]*\"id\"[\\n ]*:[\\n ]*(-)?((0|[1-9][0-9]*))(\\.[0-9]+)?([eE][+-][0-9]+)?[\\n ]*,[\\n ]*\"name\"[\\n ]*:[\\n ]*\"(?:[^\"\\\\\\x00-\\x1f\\x7f-\\x9f]|\\\\.)*\"[\\n ]*,[\\n ]*\"functions\"[\\n ]*:[\\n ]*\\[(\"(?:[^\"\\\\\\x00-\\x1f\\x7f-\\x9f]|\\\\.)*\")(,(\"(?:[^\"\\\\\\x00-\\x1f\\x7f-\\x9f]|\\\\.)*\"))*\\][\\n ]*\\}))*\\][\\n ]*\\}": {
    "average_time": 0.2171700533333194,
    "outlines_time": 2.2854086609999626,
    "times": [
      0.2890067249999788,
      0.32679683800000703,
      0.1812017869999636,
      0.17116798099999642,
      0.1667581949999999,
      0.16808879399997068
    ],
    "states_length": 196,
    "return_time": 0.14539227199998095
  },
  "choice 1|choice 2|car|truck|dog": {
    "average_time": 0.014967503833332785,
    "outlines_time": 0.16321882900001583,
    "times": [
      0.03048347100002502,
      0.01263083399999232,
      0.01320599799998945,
      0.011017399000024852,
      0.01185660599998073,
      0.010610714999984339
    ],
    "states_length": 15,
    "return_time": 0.01380564700002651
  },
  "long choice 1 giberrish blah blah blah|long choice 2 giberrish blah blah blah": {
    "average_time": 0.01882806650000172,
    "outlines_time": 0.2955780359999949,
    "times": [
      0.03845988299997316,
      0.015801709000015762,
      0.016074387999992723,
      0.013715182999987974,
      0.015286640999988776,
      0.013630595000051926
    ],
    "states_length": 38,
    "return_time": 0.013955314999975599
  }
}