{
  "[a-z0-9!#$%&'*+/=?^_{|}~-]+(?:.[a-z0-9!#$%&'*+/=?^_{|}~-]+)*@(?:[a-z0-9](?:[a-z0-9-]*[a-z0-9])?\\.)+[a-z0-9](?:[a-z0-9-]*[a-z0-9])?": {
    "average_time": 0.03384070009997231,
    "outlines_time": 0.2546267110001281,
    "times": [
      0.043010811999920406,
      0.042106624000552983,
      0.02967560599972785,
      0.029059042999506346,
      0.028160636000393424,
      0.036895453999932215,
      0.028193580000333895,
      0.03887399799987179,
      0.03566186599982757,
      0.026769381999656616
    ],
    "states_length": 11,
    "return_time": 0.012754653000229155
  },
  "\\+?\\d{1,4}?[-.\\s]?\\(?\\d{1,3}?\\)?[-.\\s]?\\d{1,4}[-.\\s]?\\d{1,4}[-.\\s]?\\d{1,9}": {
    "average_time": 0.049264753999887036,
    "outlines_time": 0.2960524340005577,
    "times": [
      0.06293871400066564,
      0.045603341999594704,
      0.06350443700011965,
      0.037571849999949336,
      0.05224274899956072,
      0.0382959540002048,
      0.046405150999817124,
      0.04179216899956373,
      0.05595515299955878,
      0.04833802099983586
    ],
    "states_length": 47,
    "return_time": 0.015577946000121301
  },
  "\\+?[1-9][0-9]{7,14}": {
    "average_time": 0.019816857399928268,
    "outlines_time": 0.099281804000384,
    "times": [
      0.017066514000362076,
      0.01740438599972549,
      0.013944244999947841,
      0.02297275599994464,
      0.02437800999996398,
      0.013708714999665972,
      0.0240840919996117,
      0.024570159999711905,
      0.026240066000355,
      0.013799629999994067
    ],
    "states_length": 16,
    "return_time": 0.006982196000535623
  },
  "([1-9]|0[1-9]|1[0-9]|2[0-9]|3[0-1])(\\.|-|/)([1-9]|0[1-9]|1[0-2])(\\.|-|/)([0-9][0-9]|19[0-9][0-9]|20[0-9][0-9])|([0-9][0-9]|19[0-9][0-9]|20[0-9][0-9])(\\.|-|/)([1-9]|0[1-9]|1[0-2])(\\.|-|/)([1-9]|0[1-9]|1[0-9]|2[0-9]|3[0-1])": {
    "average_time": 0.02651885389987001,
    "outlines_time": 0.18759612800022296,
    "times": [
      0.02866033099962806,
      0.028478732000621676,
      0.030010051999852294,
      0.026222906999464612,
      0.023362295999504568,
      0.02820310400056769,
      0.028104727000027196,
      0.023878981999587268,
      0.023033048999423045,
      0.025234359000023687
    ],
    "states_length": 34,
    "return_time": 0.01642865299982077
  },
  "(0?[1-9]|1[0-2]):[0-5]\\d\\s?(am|pm)?": {
    "average_time": 0.019087931499871046,
    "outlines_time": 0.07116337899969949,
    "times": [
      0.022230314999433176,
      0.029611872000714357,
      0.02514290199997049,
      0.013081143999443157,
      0.017177684000671434,
      0.01638199499939219,
      0.026022476999969513,
      0.015629627999260265,
      0.012895046999801707,
      0.01270625100005418
    ],
    "states_length": 9,
    "return_time": 0.010093557999425684
  },
  "(?:(?:25[0-5]|2[0-4][0-9]|[01]?[0-9][0-9]?)\\.){3}(?:25[0-5]|2[0-4][0-9]|[01]?[0-9][0-9]?)": {
    "average_time": 0.0298165930000323,
    "outlines_time": 0.1603420780002125,
    "times": [
      0.0391954300002908,
      0.030058547999942675,
      0.02696827599993412,
      0.03521220899983746,
      0.029693942999983847,
      0.03048671599935915,
      0.025846849999652477,
      0.023414821999722335,
      0.03162213400082692,
      0.02566700200077321
    ],
    "states_length": 23,
    "return_time": 0.017856854000456224
  },
  "(https?:\\/\\/)?([\\da-z\\.-]+)\\.([a-z\\.]{2,6})([\\/\\w \\.-]*)*\\/?": {
    "average_time": 0.03714707469989662,
    "outlines_time": 0.21810096199988038,
    "times": [
      0.059877218999645265,
      0.036892636000629864,
      0.03967443799956527,
      0.04162862999965,
      0.030137416999423294,
      0.034006822999799624,
      0.04033357500065904,
      0.025181121999594325,
      0.033500813000500784,
      0.030238073999498738
    ],
    "states_length": 13,
    "return_time": 0.028204145999552566
  },
  "\\d{3}-\\d{2}-\\d{4}": {
    "average_time": 0.019602928899894324,
    "outlines_time": 0.07419355300044117,
    "times": [
      0.028168312999696354,
      0.01552996499958681,
      0.012910761999592069,
      0.012808133000362432,
      0.027390424000259372,
      0.015973159999703057,
      0.032558992999838665,
      0.012908036000226275,
      0.013911891999669024,
      0.023869611000009172
    ],
    "states_length": 11,
    "return_time": 0.008016756999495556
  },
  "\\{[\\n ]*\"name\"[\\n ]*:[\\n ]*\"(?:[^\"\\\\\\x00-\\x1f\\x7f-\\x9f]|\\\\.){,10}\"[\\n ]*,[\\n ]*\"age\"[\\n ]*:[\\n ]*(0|[1-9][0-9]*)[\\n ]*,[\\n ]*\"armor\"[\\n ]*:[\\n ]*(\"leather\"|\"chainmail\"|\"plate\")[\\n ]*,[\\n ]*\"strength\"[\\n ]*:[\\n ]*(0|[1-9][0-9]*)[\\n ]*\\}": {
    "average_time": 0.1087935067997023,
    "outlines_time": 0.9907387200000812,
    "times": [
      0.15251150199947006,
      0.12079083200023888,
      0.09856511199996021,
      0.10121014600008493,
      0.09849453299921151,
      0.09961367199957749,
      0.1053472879993933,
      0.10163000899956387,
      0.10424276699995971,
      0.10552920699956303
    ],
    "states_length": 124,
    "return_time": 0.0449212349994923
  },
  "\\{[\\n ]*\"id\"[\\n ]*:[\\n ]*(-)?((0|[1-9][0-9]*))(\\.[0-9]+)?([eE][+-][0-9]+)?[\\n ]*,[\\n ]*\"work\"[\\n ]*:[\\n ]*\\{[\\n ]*\"id\"[\\n ]*:[\\n ]*(-)?((0|[1-9][0-9]*))(\\.[0-9]+)?([eE][+-][0-9]+)?[\\n ]*,[\\n ]*\"name\"[\\n ]*:[\\n ]*\"(?:[^\"\\\\\\x00-\\x1f\\x7f-\\x9f]|\\\\.)*\"[\\n ]*,[\\n ]*\"composer\"[\\n ]*:[\\n ]*\\{[\\n ]*\"id\"[\\n ]*:[\\n ]*(-)?((0|[1-9][0-9]*))(\\.[0-9]+)?([eE][+-][0-9]+)?[\\n ]*,[\\n ]*\"name\"[\\n ]*:[\\n ]*\"(?:[^\"\\\\\\x00-\\x1f\\x7f-\\x9f]|\\\\.)*\"[\\n ]*,[\\n ]*\"functions\"[\\n ]*:[\\n ]*\\[(\"(?:[^\"\\\\\\x00-\\x1f\\x7f-\\x9f]|\\\\.)*\")(,(\"(?:[^\"\\\\\\x00-\\x1f\\x7f-\\x9f]|\\\\.)*\"))*\\][\\n ]*\\}[\\n ]*\\}[\\n ]*,[\\n ]*\"recording_artists\"[\\n ]*:[\\n ]*\\[(\\{[\\n ]*\"id\"[\\n ]*:[\\n ]*(-)?((0|[1-9][0-9]*))(\\.[0-9]+)?([eE][+-][0-9]+)?[\\n ]*,[\\n ]*\"name\"[\\n ]*:[\\n ]*\"(?:[^\"\\\\\\x00-\\x1f\\x7f-\\x9f]|\\\\.)*\"[\\n ]*,[\\n ]*\"functions\"[\\n ]*:[\\n ]*\\[(\"(?:[^\"\\\\\\x00-\\x1f\\x7f-\\x9f]|\\\\.)*\")(,(\"(?:[^\"\\\\\\x00-\\x1f\\x7f-\\x9f]|\\\\.)*\"))*\\][\\n ]*\\})(,(\\{[\\n ]*\"id\"[\\n ]*:[\\n ]*(-)?((0|[1-9][0-9]*))(\\.[0-9]+)?([eE][+-][0-9]+)?[\\n ]*,[\\n ]*\"name\"[\\n ]*:[\\n ]*\"(?:[^\"\\\\\\x00-\\x1f\\x7f-\\x9f]|\\\\.)*\"[\\n ]*,[\\n ]*\"functions\"[\\n ]*:[\\n ]*\\[(\"(?:[^\"\\\\\\x00-\\x1f\\x7f-\\x9f]|\\\\.)*\")(,(\"(?:[^\"\\\\\\x00-\\x1f\\x7f-\\x9f]|\\\\.)*\"))*\\][\\n ]*\\}))*\\][\\n ]*\\}": {
    "average_time": 0.15491336710001632,
    "outlines_time": 1.7864808160002212,
    "times": [
      0.28903262600033486,
      0.12626664500021434,
      0.16484639499958575,
      0.1308951490000254,
      0.14240505499947176,
      0.1359272769996096,
      0.13764061400070204,
      0.1382395529999485,
      0.13116989999980433,
      0.1527104570004667
    ],
    "states_length": 196,
    "return_time": 0.15745344900005875
  },
  "choice 1|choice 2|car|truck|dog": {
    "average_time": 0.022335785100131032,
    "outlines_time": 0.10542690900001617,
    "times": [
      0.02916455699960352,
      0.013600061999568425,
      0.024222699999882025,
      0.0259514469998976,
      0.02518241800044052,
      0.013729961000535695,
      0.014425037000364682,
      0.027239338000072166,
      0.02552691000073537,
      0.024315421000210335
    ],
    "states_length": 15,
    "return_time": 0.008997939999972004
  },
  "long choice 1 giberrish blah blah blah|long choice 2 giberrish blah blah blah": {
    "average_time": 0.029129296399605663,
    "outlines_time": 0.20139201100028004,
    "times": [
      0.029337428999497206,
      0.02862613299930672,
      0.02792778200000612,
      0.02616554499945778,
      0.023199751999527507,
      0.038449812999715505,
      0.025776401999792142,
      0.024106908999783627,
      0.031875160999334184,
      0.03582803799963585
    ],
    "states_length": 38,
    "return_time": 0.009175123999739299
  }
}