{
  "[a-z0-9!#$%&'*+/=?^_{|}~-]+(?:.[a-z0-9!#$%&'*+/=?^_{|}~-]+)*@(?:[a-z0-9](?:[a-z0-9-]*[a-z0-9])?\\.)+[a-z0-9](?:[a-z0-9-]*[a-z0-9])?": {
    "average_time": 0.23958743430002868,
    "outlines_time": 1.5235534109997388,
    "times": [
      0.25841575100002956,
      0.2230298730000868,
      0.2478067040001406,
      0.23633740700006456,
      0.21532461700007843,
      0.2511972269994658,
      0.2360564010004964,
      0.24232314500022767,
      0.245085988000028,
      0.24029722999966907
    ],
    "states_length": 11,
    "return_time": 0.04364620799969998
  },
  "\\+?\\d{1,4}?[-.\\s]?\\(?\\d{1,3}?\\)?[-.\\s]?\\d{1,4}[-.\\s]?\\d{1,4}[-.\\s]?\\d{1,9}": {
    "average_time": 0.21827425499996025,
    "outlines_time": 2.5814449150002474,
    "times": [
      0.21527344799960701,
      0.21505886100021598,
      0.21248059999925317,
      0.21197335900069447,
      0.22673811200002092,
      0.2210203350005031,
      0.21203390899972874,
      0.2324783229996683,
      0.21859229699930438,
      0.2170933060006064
    ],
    "states_length": 47,
    "return_time": 0.04303929500019876
  },
  "\\+?[1-9][0-9]{7,14}": {
    "average_time": 0.0912810131999322,
    "outlines_time": 0.8735292910005228,
    "times": [
      0.07225496800037945,
      0.07409753399952024,
      0.11018921899994893,
      0.10380065599929367,
      0.10909525300030509,
      0.09434320099990146,
      0.09054928600016865,
      0.08302347000062582,
      0.08135759699962364,
      0.0940989479995551
    ],
    "states_length": 16,
    "return_time": 0.024998878000587865
  },
  "([1-9]|0[1-9]|1[0-9]|2[0-9]|3[0-1])(\\.|-|/)([1-9]|0[1-9]|1[0-2])(\\.|-|/)([0-9][0-9]|19[0-9][0-9]|20[0-9][0-9])|([0-9][0-9]|19[0-9][0-9]|20[0-9][0-9])(\\.|-|/)([1-9]|0[1-9]|1[0-2])(\\.|-|/)([1-9]|0[1-9]|1[0-9]|2[0-9]|3[0-1])": {
    "average_time": 0.09669908740015672,
    "outlines_time": 1.6812619490001453,
    "times": [
      0.11083152300034271,
      0.11428755799988721,
      0.11909499200010032,
      0.1051006640000196,
      0.0775965359998736,
      0.08850842399988323,
      0.08968166600061522,
      0.08113716699972429,
      0.09836229000029562,
      0.08239005400082533
    ],
    "states_length": 34,
    "return_time": 0.042951426000399806
  },
  "(0?[1-9]|1[0-2]):[0-5]\\d\\s?(am|pm)?": {
    "average_time": 0.06597210490008365,
    "outlines_time": 0.44674324800053,
    "times": [
      0.05557027200029552,
      0.06988446800005477,
      0.06798406199959572,
      0.07214070000009087,
      0.068320603999382,
      0.05950297400067939,
      0.06889481700000033,
      0.06693956700019044,
      0.06196861400076159,
      0.06851497099978587
    ],
    "states_length": 9,
    "return_time": 0.022700221000377496
  },
  "(?:(?:25[0-5]|2[0-4][0-9]|[01]?[0-9][0-9]?)\\.){3}(?:25[0-5]|2[0-4][0-9]|[01]?[0-9][0-9]?)": {
    "average_time": 0.0732682041998487,
    "outlines_time": 0.9289712330000839,
    "times": [
      0.06775517999994918,
      0.07729191700036608,
      0.07359888099927048,
      0.07154912999976659,
      0.0669036959998266,
      0.07401817299978575,
      0.06855056699987472,
      0.07050188700031867,
      0.08633912599998439,
      0.07617348499934451
    ],
    "states_length": 23,
    "return_time": 0.02596011300011014
  },
  "(https?:\\/\\/)?([\\da-z\\.-]+)\\.([a-z\\.]{2,6})([\\/\\w \\.-]*)*\\/?": {
    "average_time": 0.12114349650000804,
    "outlines_time": 0.7890226380004606,
    "times": [
      0.1254813440000362,
      0.11251760300001479,
      0.12115936599911947,
      0.12287915199976851,
      0.12219572400044854,
      0.12190022699996916,
      0.12446459800048615,
      0.1151773769997817,
      0.12039445800019166,
      0.12526511600026424
    ],
    "states_length": 13,
    "return_time": 0.03322200599995995
  },
  "\\d{3}-\\d{2}-\\d{4}": {
    "average_time": 0.06676580270013802,
    "outlines_time": 0.5506268359995374,
    "times": [
      0.058214998000039486,
      0.061196907000521605,
      0.06520197600002575,
      0.07242091800071648,
      0.06985403500038956,
      0.07389372199941135,
      0.06252865700025723,
      0.07343890100037243,
      0.06487166300030367,
      0.06603624999934254
    ],
    "states_length": 11,
    "return_time": 0.025386098000126367
  },
  "\\{[\\n ]*\"name\"[\\n ]*:[\\n ]*\"(?:[^\"\\\\\\x00-\\x1f\\x7f-\\x9f]|\\\\.){,10}\"[\\n ]*,[\\n ]*\"age\"[\\n ]*:[\\n ]*(0|[1-9][0-9]*)[\\n ]*,[\\n ]*\"armor\"[\\n ]*:[\\n ]*(\"leather\"|\"chainmail\"|\"plate\")[\\n ]*,[\\n ]*\"strength\"[\\n ]*:[\\n ]*(0|[1-9][0-9]*)[\\n ]*\\}": {
    "average_time": 0.37960491620006,
    "outlines_time": 5.691603812999347,
    "times": [
      0.42607148499973846,
      0.37121298400052183,
      0.3889773379996768,
      0.3895356699995318,
      0.3634539960003167,
      0.3854604090001885,
      0.37075425000057294,
      0.3637865239998064,
      0.37423516800026846,
      0.3625613379999777
    ],
    "states_length": 124,
    "return_time": 0.045351087000199186
  },
  "\\{[\\n ]*\"id\"[\\n ]*:[\\n ]*(-)?((0|[1-9][0-9]*))(\\.[0-9]+)?([eE][+-][0-9]+)?[\\n ]*,[\\n ]*\"work\"[\\n ]*:[\\n ]*\\{[\\n ]*\"id\"[\\n ]*:[\\n ]*(-)?((0|[1-9][0-9]*))(\\.[0-9]+)?([eE][+-][0-9]+)?[\\n ]*,[\\n ]*\"name\"[\\n ]*:[\\n ]*\"(?:[^\"\\\\\\x00-\\x1f\\x7f-\\x9f]|\\\\.)*\"[\\n ]*,[\\n ]*\"composer\"[\\n ]*:[\\n ]*\\{[\\n ]*\"id\"[\\n ]*:[\\n ]*(-)?((0|[1-9][0-9]*))(\\.[0-9]+)?([eE][+-][0-9]+)?[\\n ]*,[\\n ]*\"name\"[\\n ]*:[\\n ]*\"(?:[^\"\\\\\\x00-\\x1f\\x7f-\\x9f]|\\\\.)*\"[\\n ]*,[\\n ]*\"functions\"[\\n ]*:[\\n ]*\\[(\"(?:[^\"\\\\\\x00-\\x1f\\x7f-\\x9f]|\\\\.)*\")(,(\"(?:[^\"\\\\\\x00-\\x1f\\x7f-\\x9f]|\\\\.)*\"))*\\][\\n ]*\\}[\\n ]*\\}[\\n ]*,[\\n ]*\"recording_artists\"[\\n ]*:[\\n ]*\\[(\\{[\\n ]*\"id\"[\\n ]*:[\\n ]*(-)?((0|[1-9][0-9]*))(\\.[0-9]+)?([eE][+-][0-9]+)?[\\n ]*,[\\n ]*\"name\"[\\n ]*:[\\n ]*\"(?:[^\"\\\\\\x00-\\x1f\\x7f-\\x9f]|\\\\.)*\"[\\n ]*,[\\n ]*\"functions\"[\\n ]*:[\\n ]*\\[(\"(?:[^\"\\\\\\x00-\\x1f\\x7f-\\x9f]|\\\\.)*\")(,(\"(?:[^\"\\\\\\x00-\\x1f\\x7f-\\x9f]|\\\\.)*\"))*\\][\\n ]*\\})(,(\\{[\\n ]*\"id\"[\\n ]*:[\\n ]*(-)?((0|[1-9][0-9]*))(\\.[0-9]+)?([eE][+-][0-9]+)?[\\n ]*,[\\n ]*\"name\"[\\n ]*:[\\n ]*\"(?:[^\"\\\\\\x00-\\x1f\\x7f-\\x9f]|\\\\.)*\"[\\n ]*,[\\n ]*\"functions\"[\\n ]*:[\\n ]*\\[(\"(?:[^\"\\\\\\x00-\\x1f\\x7f-\\x9f]|\\\\.)*\")(,(\"(?:[^\"\\\\\\x00-\\x1f\\x7f-\\x9f]|\\\\.)*\"))*\\][\\n ]*\\}))*\\][\\n ]*\\}": {
    "average_time": 0.7906713372000922,
    "outlines_time": 9.660313324000526,
    "times": [
      0.8807797750005193,
      0.7736700620007468,
      0.747168982000403,
      0.7609330999994199,
      0.7719495829996958,
      0.7865141620004579,
      0.7769714500000191,
      0.7694445369997993,
      0.7995031270002073,
      0.8397785939996538
    ],
    "states_length": 196,
    "return_time": 0.13451404700026615
  },
  "choice 1|choice 2|car|truck|dog": {
    "average_time": 0.0741537823998442,
    "outlines_time": 0.7556296109996765,
    "times": [
      0.06746205699982966,
      0.06546838299982483,
      0.07154852399980882,
      0.0796910819999539,
      0.07230341399917961,
      0.07367596699987189,
      0.07160584699977335,
      0.10252827499971318,
      0.07018744000015431,
      0.0670668350003325
    ],
    "states_length": 15,
    "return_time": 0.023813507999875583
  },
  "long choice 1 giberrish blah blah blah|long choice 2 giberrish blah blah blah": {
    "average_time": 0.10068857120004396,
    "outlines_time": 1.2419378430004144,
    "times": [
      0.09131509599956189,
      0.09155685400037328,
      0.0999432849994264,
      0.10059691700007534,
      0.101370828000654,
      0.11795803299992258,
      0.11011402199983422,
      0.09350443500079564,
      0.1016606570001386,
      0.09886558499965759
    ],
    "states_length": 38,
    "return_time": 0.025151286000436812
  },
  "\\n\\n": {
    "average_time": 0.06192251339971335,
    "outlines_time": 0.23150227699989046,