{
  "[a-z0-9!#$%&'*+/=?^_{|}~-]+(?:.[a-z0-9!#$%&'*+/=?^_{|}~-]+)*@(?:[a-z0-9](?:[a-z0-9-]*[a-z0-9])?\\.)+[a-z0-9](?:[a-z0-9-]*[a-z0-9])?": {
    "average_time": 0.02935897319966898,
    "outlines_time": 0.22503608300030464,
    "times": [
      0.040158936999432626,
      0.028267919999052538,
      0.02602190099969448,
      0.033838567998827784,
      0.03229481300149928,
      0.023667198000111966,
      0.027863948000231176,
      0.03152851899903908,
      0.02899023399913858,
      0.020957693999662297
    ],
    "states_length": 11,
    "return_time": 0.013658813000802184
  },
  "\\+?\\d{1,4}?[-.\\s]?\\(?\\d{1,3}?\\)?[-.\\s]?\\d{1,4}[-.\\s]?\\d{1,4}[-.\\s]?\\d{1,9}": {
    "average_time": 0.0485179846000392,
    "outlines_time": 0.2877196259996708,
    "times": [
      0.06011026700070943,
      0.04179099500106531,
      0.04493093600103748,
      0.0502613749995362,
      0.04661159200077236,
      0.046648313000332564,
      0.04692635699939274,
      0.05069986199850973,
      0.04466660599973693,
      0.05253354299929924
    ],
    "states_length": 47,
    "return_time": 0.014336967000417644
  },
  "\\+?[1-9][0-9]{7,14}": {
    "average_time": 0.016033849199811812,
    "outlines_time": 0.10097558800043771,
    "times": [
      0.014322825998533517,
      0.01269990000037069,
      0.018947464999655494,
      0.019422647001192672,
      0.018351697000980494,
      0.01889590499922633,
      0.013232047000201419,
      0.01329038599942578,
      0.015014667998912046,
      0.016160950999619672
    ],
    "states_length": 16,
    "return_time": 0.00581993999912811
  },
  "([1-9]|0[1-9]|1[0-9]|2[0-9]|3[0-1])(\\.|-|/)([1-9]|0[1-9]|1[0-2])(\\.|-|/)([0-9][0-9]|19[0-9][0-9]|20[0-9][0-9])|([0-9][0-9]|19[0-9][0-9]|20[0-9][0-9])(\\.|-|/)([1-9]|0[1-9]|1[0-2])(\\.|-|/)([1-9]|0[1-9]|1[0-9]|2[0-9]|3[0-1])": {
    "average_time": 0.02368341720030003,
    "outlines_time": 0.1942481529986253,
    "times": [
      0.03689333000147599,
      0.019623428001068532,
      0.015551043999948888,
      0.02476916799969331,
      0.023975443000381347,
      0.02357123399997363,
      0.02362517500114336,
      0.02150084099957894,
      0.023798284999429598,
      0.023526224000306684
    ],
    "states_length": 34,
    "return_time": 0.023178100000222912
  },
  "(0?[1-9]|1[0-2]):[0-5]\\d\\s?(am|pm)?": {
    "average_time": 0.016746800199871358,
    "outlines_time": 0.07653244200082554,
    "times": [
      0.023465963000489864,
      0.017609407999771065,
      0.016164360000402667,
      0.017454954999266192,
      0.015354084000136936,
      0.015988323000783566,
      0.017256679999263724,
      0.016218689999732305,
      0.012018610999803059,
      0.01593692799906421
    ],
    "states_length": 9,
    "return_time": 0.010635408001689939
  },
  "(?:(?:25[0-5]|2[0-4][0-9]|[01]?[0-9][0-9]?)\\.){3}(?:25[0-5]|2[0-4][0-9]|[01]?[0-9][0-9]?)": {
    "average_time": 0.02801288650043716,
    "outlines_time": 0.13981213600163755,
    "times": [
      0.024412746000962215,
      0.013388499999564374,
      0.029921363999164896,
      0.05535322300056578,
      0.04175964100068086,
      0.026747781001176918,
      0.028217316001246218,
      0.019169769000654924,
      0.020031197000207612,
      0.021127328000147827
    ],
    "states_length": 23,
    "return_time": 0.014258293000239064
  },
  "(https?:\\/\\/)?([\\da-z\\.-]+)\\.([a-z\\.]{2,6})([\\/\\w \\.-]*)*\\/?": {
    "average_time": 0.03152303269998811,
    "outlines_time": 0.1942441430001054,
    "times": [
      0.04845845400086546,
      0.024917382001149235,
      0.03429806700114568,
      0.034670237999307574,
      0.022919926999747986,
      0.029557423000369454,
      0.03139682400069432,
      0.028973110998776974,
      0.026448524999068468,
      0.03359037599875592
    ],
    "states_length": 13,
    "return_time": 0.028222320001077605
  },
  "\\d{3}-\\d{2}-\\d{4}": {
    "average_time": 0.015660972100340585,
    "outlines_time": 0.08692395599973679,
    "times": [
      0.020441648999621975,
      0.01895735400103149,
      0.011220647000300232,
      0.014242426999771851,
      0.01846804300112126,
      0.015934249000565615,
      0.015934921000734903,
      0.014649515000201063,
      0.015123350000067148,
      0.01163756599999033
    ],
    "states_length": 11,
    "return_time": 0.00915270000041346
  },
  "\\{[\\n ]*\"name\"[\\n ]*:[\\n ]*\"(?:[^\"\\\\\\x00-\\x1f\\x7f-\\x9f]|\\\\.){,10}\"[\\n ]*,[\\n ]*\"age\"[\\n ]*:[\\n ]*(0|[1-9][0-9]*)[\\n ]*,[\\n ]*\"armor\"[\\n ]*:[\\n ]*(\"leather\"|\"chainmail\"|\"plate\")[\\n ]*,[\\n ]*\"strength\"[\\n ]*:[\\n ]*(0|[1-9][0-9]*)[\\n ]*\\}": {
    "average_time": 0.10129024629968626,
    "outlines_time": 1.0716522519996943,
    "times": [
      0.1255278989992803,
      0.0993605910007318,
      0.09931989699907717,
      0.0982020929986902,
      0.09764790199915296,
      0.09836682100103644,
      0.09724182899844891,
      0.09876917200017488,
      0.10030156699940562,
      0.0981646920008643
    ],
    "states_length": 124,
    "return_time": 0.03333873399969889
  },
  "\\{[\\n ]*\"id\"[\\n ]*:[\\n ]*(-)?((0|[1-9][0-9]*))(\\.[0-9]+)?([eE][+-][0-9]+)?[\\n ]*,[\\n ]*\"work\"[\\n ]*:[\\n ]*\\{[\\n ]*\"id\"[\\n ]*:[\\n ]*(-)?((0|[1-9][0-9]*))(\\.[0-9]+)?([eE][+-][0-9]+)?[\\n ]*,[\\n ]*\"name\"[\\n ]*:[\\n ]*\"(?:[^\"\\\\\\x00-\\x1f\\x7f-\\x9f]|\\\\.)*\"[\\n ]*,[\\n ]*\"composer\"[\\n ]*:[\\n ]*\\{[\\n ]*\"id\"[\\n ]*:[\\n ]*(-)?((0|[1-9][0-9]*))(\\.[0-9]+)?([eE][+-][0-9]+)?[\\n ]*,[\\n ]*\"name\"[\\n ]*:[\\n ]*\"(?:[^\"\\\\\\x00-\\x1f\\x7f-\\x9f]|\\\\.)*\"[\\n ]*,[\\n ]*\"functions\"[\\n ]*:[\\n ]*\\[(\"(?:[^\"\\\\\\x00-\\x1f\\x7f-\\x9f]|\\\\.)*\")(,(\"(?:[^\"\\\\\\x00-\\x1f\\x7f-\\x9f]|\\\\.)*\"))*\\][\\n ]*\\}[\\n ]*\\}[\\n ]*,[\\n ]*\"recording_artists\"[\\n ]*:[\\n ]*\\[(\\{[\\n ]*\"id\"[\\n ]*:[\\n ]*(-)?((0|[1-9][0-9]*))(\\.[0-9]+)?([eE][+-][0-9]+)?[\\n ]*,[\\n ]*\"name\"[\\n ]*:[\\n ]*\"(?:[^\"\\\\\\x00-\\x1f\\x7f-\\x9f]|\\\\.)*\"[\\n ]*,[\\n ]*\"functions\"[\\n ]*:[\\n ]*\\[(\"(?:[^\"\\\\\\x00-\\x1f\\x7f-\\x9f]|\\\\.)*\")(,(\"(?:[^\"\\\\\\x00-\\x1f\\x7f-\\x9f]|\\\\.)*\"))*\\][\\n ]*\\})(,(\\{[\\n ]*\"id\"[\\n ]*:[\\n ]*(-)?((0|[1-9][0-9]*))(\\.[0-9]+)?([eE][+-][0-9]+)?[\\n ]*,[\\n ]*\"name\"[\\n ]*:[\\n ]*\"(?:[^\"\\\\\\x00-\\x1f\\x7f-\\x9f]|\\\\.)*\"[\\n ]*,[\\n ]*\"functions\"[\\n ]*:[\\n ]*\\[(\"(?:[^\"\\\\\\x00-\\x1f\\x7f-\\x9f]|\\\\.)*\")(,(\"(?:[^\"\\\\\\x00-\\x1f\\x7f-\\x9f]|\\\\.)*\"))*\\][\\n ]*\\}))*\\][\\n ]*\\}": {
    "average_time": 0.1605003853001108,
    "outlines_time": 1.7948699689986825,
    "times": [
      0.29397741600041627,
      0.1332650399999693,
      0.14957627399962803,
      0.185374769000191,
      0.14242302599996037,
      0.1301504510011,
      0.14405641200028185,
      0.14355781500125886,
      0.14142894199903822,
      0.141193707999264
    ],
    "states_length": 196,
    "return_time": 0.16366837399982614
  },
  "choice 1|choice 2|car|truck|dog": {
    "average_time": 0.019422932700217645,
    "outlines_time": 0.11116894299993874,
    "times": [
      0.02198237400079961,
      0.021875853000892675,
      0.021055717999843182,
      0.018304719000298064,
      0.01538837699990836,
      0.01587211100013519,
      0.02023051700052747,
      0.019299100000353064,
      0.018604464999953052,
      0.021616092999465764
    ],
    "states_length": 15,
    "return_time": 0.007082242000251426
  },
  "long choice 1 giberrish blah blah blah|long choice 2 giberrish blah blah blah": {
    "average_time": 0.030952372500178172,
    "outlines_time": 0.20965638599955128,
    "times": [
      0.03583228900060931,
      0.031180185000266647,
      0.025902287999997498,
      0.02538262300004135,
      0.034815963999790256,
      0.02828981600032421,
      0.02730888100086304,
      0.03782457500165037,
      0.03556260699951963,
      0.027424496998719405
    ],
    "states_length": 38,
    "return_time": 0.012550887000543298
  }
}