{
  "[a-z0-9!#$%&'*+/=?^_{|}~-]+(?:.[a-z0-9!#$%&'*+/=?^_{|}~-]+)*@(?:[a-z0-9](?:[a-z0-9-]*[a-z0-9])?\\.)+[a-z0-9](?:[a-z0-9-]*[a-z0-9])?": {
    "average_time": 0.07040502366605021,
    "outlines_time": 0.4767946890024177,
    "times": [
      0.07381534199885209,
      0.06708444800096913,
      0.06778483299785876,
      0.06820523100032005,
      0.06829119399844785,
      0.07724909399985336
    ],
    "states_length": 11,
    "return_time": 0.016801514000690077
  },
  "\\+?\\d{1,4}?[-.\\s]?\\(?\\d{1,3}?\\)?[-.\\s]?\\d{1,4}[-.\\s]?\\d{1,4}[-.\\s]?\\d{1,9}": {
    "average_time": 0.07809024466708554,
    "outlines_time": 0.4635260399991239,
    "times": [
      0.0832474929993623,
      0.0806329109982471,
      0.07221563600251102,
      0.07769526200354449,
      0.07321736499943654,
      0.08153280099941185
    ],
    "states_length": 47,
    "return_time": 0.025893263999023475
  },
  "\\+?[1-9][0-9]{7,14}": {
    "average_time": 0.03256348250033625,
    "outlines_time": 0.21202283299862756,
    "times": [
      0.030157614000927424,
      0.029223708999779774,
      0.03435933100263355,
      0.03306168799826992,
      0.03538364899941371,
      0.03319490400099312
    ],
    "states_length": 16,
    "return_time": 0.012952498000231571
  },
  "([1-9]|0[1-9]|1[0-9]|2[0-9]|3[0-1])(\\.|-|/)([1-9]|0[1-9]|1[0-2])(\\.|-|/)([0-9][0-9]|19[0-9][0-9]|20[0-9][0-9])|([0-9][0-9]|19[0-9][0-9]|20[0-9][0-9])(\\.|-|/)([1-9]|0[1-9]|1[0-2])(\\.|-|/)([1-9]|0[1-9]|1[0-9]|2[0-9]|3[0-1])": {
    "average_time": 0.053797143834041584,
    "outlines_time": 0.3315566960009164,
    "times": [
      0.05776413100102218,
      0.057073232001130236,
      0.054727024002204416,
      0.053644630999770015,
      0.049775858999055345,
      0.04979798600106733
    ],
    "states_length": 34,
    "return_time": 0.02960354099923279
  },
  "(0?[1-9]|1[0-2]):[0-5]\\d\\s?(am|pm)?": {
    "average_time": 0.03606538616683489,
    "outlines_time": 0.1402225689998886,
    "times": [
      0.03279847999874619,
      0.03808363599819131,
      0.03555375300129526,
      0.03676320400336408,
      0.03702736899867887,
      0.03616587500073365
    ],
    "states_length": 9,
    "return_time": 0.014960545999201713
  },
  "(?:(?:25[0-5]|2[0-4][0-9]|[01]?[0-9][0-9]?)\\.){3}(?:25[0-5]|2[0-4][0-9]|[01]?[0-9][0-9]?)": {
    "average_time": 0.03992916766583221,
    "outlines_time": 0.23719036300099106,
    "times": [
      0.03849698699923465,
      0.03598200699707377,
      0.03963666799972998,
      0.04212378100055503,
      0.040189949999330565,
      0.04314561299906927
    ],
    "states_length": 23,
    "return_time": 0.014993600998423062
  },
  "(https?:\\/\\/)?([\\da-z\\.-]+)\\.([a-z\\.]{2,6})([\\/\\w \\.-]*)*\\/?": {
    "average_time": 0.09034457033400638,
    "outlines_time": 0.35648998800024856,
    "times": [
      0.10803673800182878,
      0.0960131950014329,
      0.0766947150004853,
      0.08867085900055827,
      0.08577857199998107,
      0.08687334299975191
    ],
    "states_length": 13,
    "return_time": 0.046556614001019625
  },
  "\\d{3}-\\d{2}-\\d{4}": {
    "average_time": 0.0300254140014052,
    "outlines_time": 0.15567694700075663,
    "times": [
      0.029755117000604514,
      0.03077333400142379,
      0.0326785560027929,
      0.031010141003207536,
      0.02707128600013675,
      0.028864050000265706
    ],
    "states_length": 11,
    "return_time": 0.013180969999666559
  },
  "\\{[\\n ]*\"name\"[\\n ]*:[\\n ]*\"(?:[^\"\\\\\\x00-\\x1f\\x7f-\\x9f]|\\\\.){,10}\"[\\n ]*,[\\n ]*\"age\"[\\n ]*:[\\n ]*(0|[1-9][0-9]*)[\\n ]*,[\\n ]*\"armor\"[\\n ]*:[\\n ]*(\"leather\"|\"chainmail\"|\"plate\")[\\n ]*,[\\n ]*\"strength\"[\\n ]*:[\\n ]*(0|[1-9][0-9]*)[\\n ]*\\}": {
    "average_time": 0.18574206916612943,
    "outlines_time": 1.9517985560014495,
    "times": [
      0.19090859499920043,
      0.19976695000150357,
      0.1868166710009973,
      0.18641369599936297,
      0.18202424599803635,
      0.16852225699767587
    ],
    "states_length": 124,
    "return_time": 0.053079379998962395
  },
  "\\{[\\n ]*\"id\"[\\n ]*:[\\n ]*(-)?((0|[1-9][0-9]*))(\\.[0-9]+)?([eE][+-][0-9]+)?[\\n ]*,[\\n ]*\"work\"[\\n ]*:[\\n ]*\\{[\\n ]*\"id\"[\\n ]*:[\\n ]*(-)?((0|[1-9][0-9]*))(\\.[0-9]+)?([eE][+-][0-9]+)?[\\n ]*,[\\n ]*\"name\"[\\n ]*:[\\n ]*\"(?:[^\"\\\\\\x00-\\x1f\\x7f-\\x9f]|\\\\.)*\"[\\n ]*,[\\n ]*\"composer\"[\\n ]*:[\\n ]*\\{[\\n ]*\"id\"[\\n ]*:[\\n ]*(-)?((0|[1-9][0-9]*))(\\.[0-9]+)?([eE][+-][0-9]+)?[\\n ]*,[\\n ]*\"name\"[\\n ]*:[\\n ]*\"(?:[^\"\\\\\\x00-\\x1f\\x7f-\\x9f]|\\\\.)*\"[\\n ]*,[\\n ]*\"functions\"[\\n ]*:[\\n ]*\\[(\"(?:[^\"\\\\\\x00-\\x1f\\x7f-\\x9f]|\\\\.)*\")(,(\"(?:[^\"\\\\\\x00-\\x1f\\x7f-\\x9f]|\\\\.)*\"))*\\][\\n ]*\\}[\\n ]*\\}[\\n ]*,[\\n ]*\"recording_artists\"[\\n ]*:[\\n ]*\\[(\\{[\\n ]*\"id\"[\\n ]*:[\\n ]*(-)?((0|[1-9][0-9]*))(\\.[0-9]+)?([eE][+-][0-9]+)?[\\n ]*,[\\n ]*\"name\"[\\n ]*:[\\n ]*\"(?:[^\"\\\\\\x00-\\x1f\\x7f-\\x9f]|\\\\.)*\"[\\n ]*,[\\n ]*\"functions\"[\\n ]*:[\\n ]*\\[(\"(?:[^\"\\\\\\x00-\\x1f\\x7f-\\x9f]|\\\\.)*\")(,(\"(?:[^\"\\\\\\x00-\\x1f\\x7f-\\x9f]|\\\\.)*\"))*\\][\\n ]*\\})(,(\\{[\\n ]*\"id\"[\\n ]*:[\\n ]*(-)?((0|[1-9][0-9]*))(\\.[0-9]+)?([eE][+-][0-9]+)?[\\n ]*,[\\n ]*\"name\"[\\n ]*:[\\n ]*\"(?:[^\"\\\\\\x00-\\x1f\\x7f-\\x9f]|\\\\.)*\"[\\n ]*,[\\n ]*\"functions\"[\\n ]*:[\\n ]*\\[(\"(?:[^\"\\\\\\x00-\\x1f\\x7f-\\x9f]|\\\\.)*\")(,(\"(?:[^\"\\\\\\x00-\\x1f\\x7f-\\x9f]|\\\\.)*\"))*\\][\\n ]*\\}))*\\][\\n ]*\\}": {
    "average_time": 0.3498568615007874,
    "outlines_time": 3.3833511209995777,
    "times": [
      0.3955119800011744,
      0.5317000930008362,
      0.31296371500138775,
      0.29390579699975206,
      0.28272727800140274,
      0.28233230600017123
    ],
    "states_length": 196,
    "return_time": 0.20714391300134594
  },
  "choice 1|choice 2|car|truck|dog": {
    "average_time": 0.028859328832671356,
    "outlines_time": 0.16819328299970948,
    "times": [
      0.03073001399752684,
      0.02917340299973148,
      0.027578081000683596,
      0.027872180002304958,
      0.02882477899765945,
      0.028977515998121817
    ],
    "states_length": 15,
    "return_time": 0.012910281999211293
  },
  "long choice 1 giberrish blah blah blah|long choice 2 giberrish blah blah blah": {
    "average_time": 0.04126867999972698,
    "outlines_time": 0.28810991999853286,
    "times": [
      0.038903519998712,
      0.05283932000020286,
      0.038875572001416,
      0.04042605599897797,
      0.03768750800009002,
      0.03888010399896302
    ],
    "states_length": 38,
    "return_time": 0.013568730999395484
  }
}