{
  "[a-z0-9!#$%&'*+/=?^_{|}~-]+(?:.[a-z0-9!#$%&'*+/=?^_{|}~-]+)*@(?:[a-z0-9](?:[a-z0-9-]*[a-z0-9])?\\.)+[a-z0-9](?:[a-z0-9-]*[a-z0-9])?": {
    "average_time": 0.037407896999775404,
    "outlines_time": 0.3031351119998362,
    "times": [
      0.06163437499981228,
      0.04914929200003826,
      0.038647620999654464,
      0.03567691499938519,
      0.04006079899954784,
      0.027263383999525104,
      0.02554091999991215,
      0.03787737999937235,
      0.032848978000401985,
      0.025379306000104407
    ],
    "states_length": 11,
    "return_time": 0.01706632900004479
  },
  "\\+?\\d{1,4}?[-.\\s]?\\(?\\d{1,3}?\\)?[-.\\s]?\\d{1,4}[-.\\s]?\\d{1,4}[-.\\s]?\\d{1,9}": {
    "average_time": 0.055596021399924214,
    "outlines_time": 0.2930430369997339,
    "times": [
      0.07039584599988302,
      0.04614368700003979,
      0.05457228399973246,
      0.06384170599994832,
      0.052509586999804014,
      0.05610423000052833,
      0.05147789999955421,
      0.05549738299941964,
      0.048246364999613434,
      0.05717122600071889
    ],
    "states_length": 47,
    "return_time": 0.020040116999552993
  },
  "\\+?[1-9][0-9]{7,14}": {
    "average_time": 0.022879874099726295,
    "outlines_time": 0.11027507200014952,
    "times": [
      0.019078082999840262,
      0.014771548999306106,
      0.02728383500016207,
      0.026454574999661418,
      0.027290058999824396,
      0.017310057999566197,
      0.027395324999815784,
      0.02795780799988279,
      0.02533137099999294,
      0.015926077999210975
    ],
    "states_length": 16,
    "return_time": 0.008928536999519565
  },
  "([1-9]|0[1-9]|1[0-9]|2[0-9]|3[0-1])(\\.|-|/)([1-9]|0[1-9]|1[0-2])(\\.|-|/)([0-9][0-9]|19[0-9][0-9]|20[0-9][0-9])|([0-9][0-9]|19[0-9][0-9]|20[0-9][0-9])(\\.|-|/)([1-9]|0[1-9]|1[0-2])(\\.|-|/)([1-9]|0[1-9]|1[0-9]|2[0-9]|3[0-1])": {
    "average_time": 0.030798320900157706,
    "outlines_time": 0.20771562499976426,
    "times": [
      0.053159186999437225,
      0.027336543999808782,
      0.02696689599997626,
      0.03293638200011628,
      0.02766575300029217,
      0.025104004999775498,
      0.03563872600079776,
      0.025782867000089027,
      0.02758873900074832,
      0.02580411000053573
    ],
    "states_length": 34,
    "return_time": 0.023041581999677874
  },
  "(0?[1-9]|1[0-2]):[0-5]\\d\\s?(am|pm)?": {
    "average_time": 0.023460660900036602,
    "outlines_time": 0.09494743399955041,
    "times": [
      0.03459071999986918,
      0.027740561999962665,
      0.01559413700033474,
      0.01702556999953231,
      0.02733747299953393,
      0.02798662700024579,
      0.017711522999888984,
      0.014620560000366822,
      0.024389983000219218,
      0.02760945400041237
    ],
    "states_length": 9,
    "return_time": 0.014431636000153958
  },
  "(?:(?:25[0-5]|2[0-4][0-9]|[01]?[0-9][0-9]?)\\.){3}(?:25[0-5]|2[0-4][0-9]|[01]?[0-9][0-9]?)": {
    "average_time": 0.028408508300071845,
    "outlines_time": 0.1388551150002968,
    "times": [
      0.021446788000503147,
      0.03821631200025877,
      0.03280181599984644,
      0.015176162999523513,
      0.024985050999930536,
      0.031247825000718876,
      0.02611690499998076,
      0.025483385999905295,
      0.026457050000317395,
      0.04215378699973371
    ],
    "states_length": 23,
    "return_time": 0.009563307000462373
  },
  "(https?:\\/\\/)?([\\da-z\\.-]+)\\.([a-z\\.]{2,6})([\\/\\w \\.-]*)*\\/?": {
    "average_time": 0.03776496190021135,
    "outlines_time": 0.2207600910005567,
    "times": [
      0.06460675299967988,
      0.03761446800035628,
      0.03599013599978207,
      0.03793333200064808,
      0.028674433000560384,
      0.03541790800045419,
      0.03775822999978118,
      0.02636151000024256,
      0.03518768000049022,
      0.03810516900011862
    ],
    "states_length": 13,
    "return_time": 0.02424586699999054
  },
  "\\d{3}-\\d{2}-\\d{4}": {
    "average_time": 0.019525939800223567,
    "outlines_time": 0.10260155200012377,
    "times": [
      0.016452195000056236,
      0.014451672999712173,
      0.019819080000161193,
      0.027267845000096713,
      0.018530249000832555,
      0.015561639000225114,
      0.014756710000256135,
      0.025020977000167477,
      0.01567430500017508,
      0.027724725000553008
    ],
    "states_length": 11,
    "return_time": 0.0061184469996078406
  },
  "\\{[\\n ]*\"name\"[\\n ]*:[\\n ]*\"(?:[^\"\\\\\\x00-\\x1f\\x7f-\\x9f]|\\\\.){,10}\"[\\n ]*,[\\n ]*\"age\"[\\n ]*:[\\n ]*(0|[1-9][0-9]*)[\\n ]*,[\\n ]*\"armor\"[\\n ]*:[\\n ]*(\"leather\"|\"chainmail\"|\"plate\")[\\n ]*,[\\n ]*\"strength\"[\\n ]*:[\\n ]*(0|[1-9][0-9]*)[\\n ]*\\}": {
    "average_time": 0.11943540050006049,
    "outlines_time": 1.1157048100003522,
    "times": [
      0.15180032000080246,
      0.10749676100022043,
      0.10770971800047846,
      0.11682321500029502,
      0.11112814999978582,
      0.11158286099998804,
      0.1409091770001396,
      0.1306930819991976,
      0.10892092900030548,
      0.10728979199939204
    ],
    "states_length": 124,
    "return_time": 0.03628581100019801
  },
  "\\{[\\n ]*\"id\"[\\n ]*:[\\n ]*(-)?((0|[1-9][0-9]*))(\\.[0-9]+)?([eE][+-][0-9]+)?[\\n ]*,[\\n ]*\"work\"[\\n ]*:[\\n ]*\\{[\\n ]*\"id\"[\\n ]*:[\\n ]*(-)?((0|[1-9][0-9]*))(\\.[0-9]+)?([eE][+-][0-9]+)?[\\n ]*,[\\n ]*\"name\"[\\n ]*:[\\n ]*\"(?:[^\"\\\\\\x00-\\x1f\\x7f-\\x9f]|\\\\.)*\"[\\n ]*,[\\n ]*\"composer\"[\\n ]*:[\\n ]*\\{[\\n ]*\"id\"[\\n ]*:[\\n ]*(-)?((0|[1-9][0-9]*))(\\.[0-9]+)?([eE][+-][0-9]+)?[\\n ]*,[\\n ]*\"name\"[\\n ]*:[\\n ]*\"(?:[^\"\\\\\\x00-\\x1f\\x7f-\\x9f]|\\\\.)*\"[\\n ]*,[\\n ]*\"functions\"[\\n ]*:[\\n ]*\\[(\"(?:[^\"\\\\\\x00-\\x1f\\x7f-\\x9f]|\\\\.)*\")(,(\"(?:[^\"\\\\\\x00-\\x1f\\x7f-\\x9f]|\\\\.)*\"))*\\][\\n ]*\\}[\\n ]*\\}[\\n ]*,[\\n ]*\"recording_artists\"[\\n ]*:[\\n ]*\\[(\\{[\\n ]*\"id\"[\\n ]*:[\\n ]*(-)?((0|[1-9][0-9]*))(\\.[0-9]+)?([eE][+-][0-9]+)?[\\n ]*,[\\n ]*\"name\"[\\n ]*:[\\n ]*\"(?:[^\"\\\\\\x00-\\x1f\\x7f-\\x9f]|\\\\.)*\"[\\n ]*,[\\n ]*\"functions\"[\\n ]*:[\\n ]*\\[(\"(?:[^\"\\\\\\x00-\\x1f\\x7f-\\x9f]|\\\\.)*\")(,(\"(?:[^\"\\\\\\x00-\\x1f\\x7f-\\x9f]|\\\\.)*\"))*\\][\\n ]*\\})(,(\\{[\\n ]*\"id\"[\\n ]*:[\\n ]*(-)?((0|[1-9][0-9]*))(\\.[0-9]+)?([eE][+-][0-9]+)?[\\n ]*,[\\n ]*\"name\"[\\n ]*:[\\n ]*\"(?:[^\"\\\\\\x00-\\x1f\\x7f-\\x9f]|\\\\.)*\"[\\n ]*,[\\n ]*\"functions\"[\\n ]*:[\\n ]*\\[(\"(?:[^\"\\\\\\x00-\\x1f\\x7f-\\x9f]|\\\\.)*\")(,(\"(?:[^\"\\\\\\x00-\\x1f\\x7f-\\x9f]|\\\\.)*\"))*\\][\\n ]*\\}))*\\][\\n ]*\\}": {
    "average_time": 0.17215222319982787,
    "outlines_time": 1.9314483839998502,
    "times": [
      0.31060878399966896,
      0.1590201220005838,
      0.1619400499994299,
      0.16287485900011234,
      0.1540346559995669,
      0.14884033599992108,
      0.15959830599967972,
      0.14641734499946324,
      0.16170494600009988,
      0.15648282799975277
    ],
    "states_length": 196,
    "return_time": 0.17071897299956618
  },
  "choice 1|choice 2|car|truck|dog": {
    "average_time": 0.028173177699954977,
    "outlines_time": 0.12640725799974462,
    "times": [
      0.03236650100006955,
      0.026226117999613052,
      0.027427349999925354,
      0.02800702900003671,
      0.025276704000134487,
      0.02601435999986279,
      0.027483641999424435,
      0.027097578999928373,
      0.024842308000188495,
      0.03699018600036652
    ],
    "states_length": 15,
    "return_time": 0.011327051999614923
  },
  "long choice 1 giberrish blah blah blah|long choice 2 giberrish blah blah blah": {
    "average_time": 0.03356903999992937,
    "outlines_time": 0.22660093600006803,
    "times": [
      0.030467777000012575,
      0.03569863799930317,
      0.04170609899938427,
      0.02905984099925263,
      0.0378614680003011,
      0.037792412000271725,
      0.026689105000514246,
      0.029586796999865328,
      0.04165579200071079,
      0.0251724709996779
    ],
    "states_length": 38,
    "return_time": 0.010267893000673212
  }
}